"","subj","presentation_order","type","item","question","answer","quest_rt","subj_uid","stimulus","X1","X2","X3","X4","X5","X6","X7","X8","X9","X10"
"1","1",235,"FALSE","109","<div style=width: 40em;><audio autoplay controls preload=auto><source src=''type='audio/mpeg'></source></audio><br><br><br>229-ex-DE-FI-FI-0-12-MT-F-quel_appétissant_repas_il_nous_a_préparé<br>Est-ce que cette phrase vous donne l'impression d'être une question ?</div>","Oui",920553,"1583837887_6ef676200a43d0d630bdd7a922cd742d","229-ex-DE-FI-FI-0-12-MT-F-quel_appétissant_repas_il_nous_a_préparé","229","ex","DE","FI","FI","0","12","MT","F","quel_appétissant_repas_il_nous_a_préparé"
"2","1",141,"TRUE","45","<div style=width: 40em;><audio autoplay controls preload=auto><source src=''type='audio/mpeg'></source></audio><br><br><br>161-yn-DE-45-B-0-05-BA-F-WE2_J001_5188<br>Est-ce que cette phrase vous donne l'impression d'être une question ?</div>","Non",1130,"1583837887_6ef676200a43d0d630bdd7a922cd742d","161-yn-DE-45-B-0-05-BA-F-WE2_J001_5188","161","yn","DE","45","B","0","05","BA","F","WE2_J001_5188"
"3","1",206,"FALSE","80","<div style=width: 40em;><audio autoplay controls preload=auto><source src=''type='audio/mpeg'></source></audio><br><br><br>200-we-OR-FI-FI-0-12-MT-F-quel_charmant_garçon_caroline_a_invité<br>Est-ce que cette phrase vous donne l'impression d'être une question ?</div>","Oui",312,"1583837887_6ef676200a43d0d630bdd7a922cd742d","200-we-OR-FI-FI-0-12-MT-F-quel_charmant_garçon_caroline_a_invité","200","we","OR","FI","FI","0","12","MT","F","quel_charmant_garçon_caroline_a_invité"
"4","1",43,"TRUE","13","<div style=width: 40em;><audio autoplay controls preload=auto><source src=''type='audio/mpeg'></source></audio><br><br><br>009-de-CL-13-A-0-13-AX-M-WE2_A018_1809s772<br>Est-ce que cette phrase vous donne l'impression d'être une question ?</div>","Oui",99,"1583837887_6ef676200a43d0d630bdd7a922cd742d","009-de-CL-13-A-0-13-AX-M-WE2_A018_1809s772","009","de","CL","13","A","0","13","AX","M","WE2_A018_1809s772"
"5","1",194,"FALSE","68","<div style=width: 40em;><audio autoplay controls preload=auto><source src=''type='audio/mpeg'></source></audio><br><br><br>188-we-CL-FI-FI-0-11-MR-F-quel_méchant_coupable_le_juge_a_condamné<br>Est-ce que cette phrase vous donne l'impression d'être une question ?</div>","Oui",190,"1583837887_6ef676200a43d0d630bdd7a922cd742d","188-we-CL-FI-FI-0-11-MR-F-quel_méchant_coupable_le_juge_a_condamné","188","we","CL","FI","FI","0","11","MR","F","quel_méchant_coupable_le_juge_a_condamné"
"6","1",87,"TRUE","27","<div style=width: 40em;><audio autoplay controls preload=auto><source src=''type='audio/mpeg'></source></audio><br><br><br>143-de-DE-27-B-0-10-AQ-F-WE2_A072_2939s309<br>Est-ce que cette phrase vous donne l'impression d'être une question ?</div>","Oui",136,"1583837887_6ef676200a43d0d630bdd7a922cd742d","143-de-DE-27-B-0-10-AQ-F-WE2_A072_2939s309","143","de","DE","27","B","0","10","AQ","F","WE2_A072_2939s309"
"7","1",198,"FALSE","72","<div style=width: 40em;><audio autoplay controls preload=auto><source src=''type='audio/mpeg'></source></audio><br><br><br>192-we-DE-FI-FI-0-8-MR-F-quelle_voiture_énorme_il_désire<br>Est-ce que cette phrase vous donne l'impression d'être une question ?</div>","Oui",125,"1583837887_6ef676200a43d0d630bdd7a922cd742d","192-we-DE-FI-FI-0-8-MR-F-quelle_voiture_énorme_il_désire","192","we","DE","FI","FI","0","8","MR","F","quelle_voiture_énorme_il_désire"
"8","1",137,"TRUE","44","<div style=width: 40em;><audio autoplay controls preload=auto><source src=''type='audio/mpeg'></source></audio><br><br><br>100-yn-OR-44-C-0-05-BA-F-WE2_J001_5074<br>Est-ce que cette phrase vous donne l'impression d'être une question ?</div>","Oui",124,"1583837887_6ef676200a43d0d630bdd7a922cd742d","100-yn-OR-44-C-0-05-BA-F-WE2_J001_5074","100","yn","OR","44","C","0","05","BA","F","WE2_J001_5074"
"9","1",228,"FALSE","102","<div style=width: 40em;><audio autoplay controls preload=auto><source src=''type='audio/mpeg'></source></audio><br><br><br>222-ex-DE-FI-FI-0-10-MR-F-quel_époustouflant_spectacle_ils_ont_vu<br>Est-ce que cette phrase vous donne l'impression d'être une question ?</div>","Oui",145,"1583837887_6ef676200a43d0d630bdd7a922cd742d","222-ex-DE-FI-FI-0-10-MR-F-quel_époustouflant_spectacle_ils_ont_vu","222","ex","DE","FI","FI","0","10","MR","F","quel_époustouflant_spectacle_ils_ont_vu"
"10","1",110,"TRUE","35","<div style=width: 40em;><audio autoplay controls preload=auto><source src=''type='audio/mpeg'></source></audio><br><br><br>093-yn-OR-35-C-0-06-AH-F-WE2_A018_3172<br>Est-ce que cette phrase vous donne l'impression d'être une question ?</div>","Oui",122,"1583837887_6ef676200a43d0d630bdd7a922cd742d","093-yn-OR-35-C-0-06-AH-F-WE2_A018_3172","093","yn","OR","35","C","0","06","AH","F","WE2_A018_3172"
"11","1",201,"FALSE","75","<div style=width: 40em;><audio autoplay controls preload=auto><source src=''type='audio/mpeg'></source></audio><br><br><br>195-we-CL-FI-FI-0-14-MT-F-quel_étudiant_intelligent_a_écrit_ce_devoir<br>Est-ce que cette phrase vous donne l'impression d'être une question ?</div>","Oui",144,"1583837887_6ef676200a43d0d630bdd7a922cd742d","195-we-CL-FI-FI-0-14-MT-F-quel_étudiant_intelligent_a_écrit_ce_devoir","195","we","CL","FI","FI","0","14","MT","F","quel_étudiant_intelligent_a_écrit_ce_devoir"
"12","1",29,"TRUE","8","<div style=width: 40em;><audio autoplay controls preload=auto><source src=''type='audio/mpeg'></source></audio><br><br><br>090-de-OR-8-C-0-12-AU-F-WE2_A008_3247s562<br>Est-ce que cette phrase vous donne l'impression d'être une question ?</div>","Oui",135,"1583837887_6ef676200a43d0d630bdd7a922cd742d","090-de-OR-8-C-0-12-AU-F-WE2_A008_3247s562","090","de","OR","8","C","0","12","AU","F","WE2_A008_3247s562"
"13","1",232,"FALSE","106","<div style=width: 40em;><audio autoplay controls preload=auto><source src=''type='audio/mpeg'></source></audio><br><br><br>226-ex-OR-FI-FI-0-11-MR-F-quelle_personne_fabuleuse_il_a_épousée<br>Est-ce que cette phrase vous donne l'impression d'être une question ?</div>","Oui",125,"1583837887_6ef676200a43d0d630bdd7a922cd742d","226-ex-OR-FI-FI-0-11-MR-F-quelle_personne_fabuleuse_il_a_épousée","226","ex","OR","FI","FI","0","11","MR","F","quelle_personne_fabuleuse_il_a_épousée"
"14","1",20,"TRUE","5","<div style=width: 40em;><audio autoplay controls preload=auto><source src=''type='audio/mpeg'></source></audio><br><br><br>063-de-OR-5-C-0-08-BC-F-WE2_A007_1541s511<br>Est-ce que cette phrase vous donne l'impression d'être une question ?</div>","Oui",129,"1583837887_6ef676200a43d0d630bdd7a922cd742d","063-de-OR-5-C-0-08-BC-F-WE2_A007_1541s511","063","de","OR","5","C","0","08","BC","F","WE2_A007_1541s511"
"15","1",221,"FALSE","95","<div style=width: 40em;><audio autoplay controls preload=auto><source src=''type='audio/mpeg'></source></audio><br><br><br>215-ex-DE-FI-FI-0-11-LU-M-quel_somptueux_opéra_ils_ont_programmé<br>Est-ce que cette phrase vous donne l'impression d'être une question ?</div>","Oui",130,"1583837887_6ef676200a43d0d630bdd7a922cd742d","215-ex-DE-FI-FI-0-11-LU-M-quel_somptueux_opéra_ils_ont_programmé","215","ex","DE","FI","FI","0","11","LU","M","quel_somptueux_opéra_ils_ont_programmé"
"16","1",83,"TRUE","26","<div style=width: 40em;><audio autoplay controls preload=auto><source src=''type='audio/mpeg'></source></audio><br><br><br>082-de-OR-26-C-0-10-AP-M-WE2_A072_1808s473<br>Est-ce que cette phrase vous donne l'impression d'être une question ?</div>","Oui",117,"1583837887_6ef676200a43d0d630bdd7a922cd742d","082-de-OR-26-C-0-10-AP-M-WE2_A072_1808s473","082","de","OR","26","C","0","10","AP","M","WE2_A072_1808s473"
"17","1",214,"FALSE","88","<div style=width: 40em;><audio autoplay controls preload=auto><source src=''type='audio/mpeg'></source></audio><br><br><br>208-we-OR-FI-FI-0-10-SI-M-quel_joli_bureau_martin_a_construit<br>Est-ce que cette phrase vous donne l'impression d'être une question ?</div>","Oui",127,"1583837887_6ef676200a43d0d630bdd7a922cd742d","208-we-OR-FI-FI-0-10-SI-M-quel_joli_bureau_martin_a_construit","208","we","OR","FI","FI","0","10","SI","M","quel_joli_bureau_martin_a_construit"
"18","1",115,"TRUE","37","<div style=width: 40em;><audio autoplay controls preload=auto><source src=''type='audio/mpeg'></source></audio><br><br><br>034-yn-CL-37-A-0-11-AM-F-WE2_A025_3273<br>Est-ce que cette phrase vous donne l'impression d'être une question ?</div>","Oui",106,"1583837887_6ef676200a43d0d630bdd7a922cd742d","034-yn-CL-37-A-0-11-AM-F-WE2_A025_3273","034","yn","CL","37","A","0","11","AM","F","WE2_A025_3273"
"19","1",236,"FALSE","110","<div style=width: 40em;><audio autoplay controls preload=auto><source src=''type='audio/mpeg'></source></audio><br><br><br>230-ex-DE-FI-FI-0-9-MT-F-quel_livre_ancien_marie_a_trouvé<br>Est-ce que cette phrase vous donne l'impression d'être une question ?</div>","Oui",163,"1583837887_6ef676200a43d0d630bdd7a922cd742d","230-ex-DE-FI-FI-0-9-MT-F-quel_livre_ancien_marie_a_trouvé","230","ex","DE","FI","FI","0","9","MT","F","quel_livre_ancien_marie_a_trouvé"
"20","1",24,"TRUE","6","<div style=width: 40em;><audio autoplay controls preload=auto><source src=''type='audio/mpeg'></source></audio><br><br><br>149-de-DE-6-B-0-12-BC-F-WE2_A007_2577s594<br>Est-ce que cette phrase vous donne l'impression d'être une question ?</div>","Oui",125,"1583837887_6ef676200a43d0d630bdd7a922cd742d","149-de-DE-6-B-0-12-BC-F-WE2_A007_2577s594","149","de","DE","6","B","0","12","BC","F","WE2_A007_2577s594"
"21","1",225,"FALSE","99","<div style=width: 40em;><audio autoplay controls preload=auto><source src=''type='audio/mpeg'></source></audio><br><br><br>219-ex-CL-FI-FI-0-14-MR-F-quel_enthousiaste_musicien_a_enregistré_l_album<br>Est-ce que cette phrase vous donne l'impression d'être une question ?</div>","Oui",129,"1583837887_6ef676200a43d0d630bdd7a922cd742d","219-ex-CL-FI-FI-0-14-MR-F-quel_enthousiaste_musicien_a_enregistré_l_album","219","ex","CL","FI","FI","0","14","MR","F","quel_enthousiaste_musicien_a_enregistré_l_album"
"22","1",146,"TRUE","47","<div style=width: 40em;><audio autoplay controls preload=auto><source src=''type='audio/mpeg'></source></audio><br><br><br>103-yn-OR-47-C-0-11-BA-F-WE2_J002_1647<br>Est-ce que cette phrase vous donne l'impression d'être une question ?</div>","Oui",141,"1583837887_6ef676200a43d0d630bdd7a922cd742d","103-yn-OR-47-C-0-11-BA-F-WE2_J002_1647","103","yn","OR","47","C","0","11","BA","F","WE2_J002_1647"
"23","1",222,"FALSE","96","<div style=width: 40em;><audio autoplay controls preload=auto><source src=''type='audio/mpeg'></source></audio><br><br><br>216-ex-OR-FI-FI-0-11-LU-M-quelle_fille_gentille_l_instituteur_a_grondée<br>Est-ce que cette phrase vous donne l'impression d'être une question ?</div>","Oui",129,"1583837887_6ef676200a43d0d630bdd7a922cd742d","216-ex-OR-FI-FI-0-11-LU-M-quelle_fille_gentille_l_instituteur_a_grondée","216","ex","OR","FI","FI","0","11","LU","M","quelle_fille_gentille_l_instituteur_a_grondée"
"24","1",78,"TRUE","24","<div style=width: 40em;><audio autoplay controls preload=auto><source src=''type='audio/mpeg'></source></audio><br><br><br>140-de-DE-24-B-0-09-AP-M-WE2_A072_1316s637<br>Est-ce que cette phrase vous donne l'impression d'être une question ?</div>","Oui",144,"1583837887_6ef676200a43d0d630bdd7a922cd742d","140-de-DE-24-B-0-09-AP-M-WE2_A072_1316s637","140","de","DE","24","B","0","09","AP","M","WE2_A072_1316s637"
"25","1",210,"FALSE","84","<div style=width: 40em;><audio autoplay controls preload=auto><source src=''type='audio/mpeg'></source></audio><br><br><br>204-we-CL-FI-FI-0-10-SI-M-quel_livre_parfait_marc_a_terminé<br>Est-ce que cette phrase vous donne l'impression d'être une question ?</div>","Oui",117,"1583837887_6ef676200a43d0d630bdd7a922cd742d","204-we-CL-FI-FI-0-10-SI-M-quel_livre_parfait_marc_a_terminé","204","we","CL","FI","FI","0","10","SI","M","quel_livre_parfait_marc_a_terminé"
"26","1",60,"TRUE","18","<div style=width: 40em;><audio autoplay controls preload=auto><source src=''type='audio/mpeg'></source></audio><br><br><br>134-de-DE-18-B-0-06-AB-F-WE2_A063_783s321<br>Est-ce que cette phrase vous donne l'impression d'être une question ?</div>","Oui",123,"1583837887_6ef676200a43d0d630bdd7a922cd742d","134-de-DE-18-B-0-06-AB-F-WE2_A063_783s321","134","de","DE","18","B","0","06","AB","F","WE2_A063_783s321"
"27","1",223,"FALSE","97","<div style=width: 40em;><audio autoplay controls preload=auto><source src=''type='audio/mpeg'></source></audio><br><br><br>217-ex-OR-FI-FI-0-12-LU-M-quelle_salle_magnifique_la_mairie_a_décorée<br>Est-ce que cette phrase vous donne l'impression d'être une question ?</div>","Oui",130,"1583837887_6ef676200a43d0d630bdd7a922cd742d","217-ex-OR-FI-FI-0-12-LU-M-quelle_salle_magnifique_la_mairie_a_décorée","217","ex","OR","FI","FI","0","12","LU","M","quelle_salle_magnifique_la_mairie_a_décorée"
"28","1",114,"TRUE","36","<div style=width: 40em;><audio autoplay controls preload=auto><source src=''type='audio/mpeg'></source></audio><br><br><br>179-yn-DE-36-B-0-06-AG-M-WE2_A021_6777<br>Est-ce que cette phrase vous donne l'impression d'être une question ?</div>","Oui",137,"1583837887_6ef676200a43d0d630bdd7a922cd742d","179-yn-DE-36-B-0-06-AG-M-WE2_A021_6777","179","yn","DE","36","B","0","06","AG","M","WE2_A021_6777"
"29","1",187,"FALSE","61","<div style=width: 40em;><audio autoplay controls preload=auto><source src=''type='audio/mpeg'></source></audio><br><br><br>181-we-CL-FI-FI-0-14-LU-M-quelle_avocate_grandiose_a_défendu_cet_accusé<br>Est-ce que cette phrase vous donne l'impression d'être une question ?</div>","Oui",129,"1583837887_6ef676200a43d0d630bdd7a922cd742d","181-we-CL-FI-FI-0-14-LU-M-quelle_avocate_grandiose_a_défendu_cet_accusé","181","we","CL","FI","FI","0","14","LU","M","quelle_avocate_grandiose_a_défendu_cet_accusé"
"30","1",51,"TRUE","15","<div style=width: 40em;><audio autoplay controls preload=auto><source src=''type='audio/mpeg'></source></audio><br><br><br>131-de-DE-15-B-0-08-AN-F-WE2_A062_4732s952<br>Est-ce que cette phrase vous donne l'impression d'être une question ?</div>","Oui",142,"1583837887_6ef676200a43d0d630bdd7a922cd742d","131-de-DE-15-B-0-08-AN-F-WE2_A062_4732s952","131","de","DE","15","B","0","08","AN","F","WE2_A062_4732s952"
"31","1",238,"FALSE","112","<div style=width: 40em;><audio autoplay controls preload=auto><source src=''type='audio/mpeg'></source></audio><br><br><br>232-ex-OR-FI-FI-0-13-MT-F-quelle_intelligente_élève_il_a_récompensée<br>Est-ce que cette phrase vous donne l'impression d'être une question ?</div>","Oui",133,"1583837887_6ef676200a43d0d630bdd7a922cd742d","232-ex-OR-FI-FI-0-13-MT-F-quelle_intelligente_élève_il_a_récompensée","232","ex","OR","FI","FI","0","13","MT","F","quelle_intelligente_élève_il_a_récompensée"
"32","1",169,"TRUE","55","<div style=width: 40em;><audio autoplay controls preload=auto><source src=''type='audio/mpeg'></source></audio><br><br><br>051-yn-CL-55-A-0-05-BB-F-WE2_J007_3498<br>Est-ce que cette phrase vous donne l'impression d'être une question ?</div>","Oui",114,"1583837887_6ef676200a43d0d630bdd7a922cd742d","051-yn-CL-55-A-0-05-BB-F-WE2_J007_3498","051","yn","CL","55","A","0","05","BB","F","WE2_J007_3498"
"33","1",197,"FALSE","71","<div style=width: 40em;><audio autoplay controls preload=auto><source src=''type='audio/mpeg'></source></audio><br><br><br>191-we-DE-FI-FI-0-12-MR-F-quel_magnifique_bal_pauline_a_organisé<br>Est-ce que cette phrase vous donne l'impression d'être une question ?</div>","Oui",133,"1583837887_6ef676200a43d0d630bdd7a922cd742d","191-we-DE-FI-FI-0-12-MR-F-quel_magnifique_bal_pauline_a_organisé","191","we","DE","FI","FI","0","12","MR","F","quel_magnifique_bal_pauline_a_organisé"
"34","1",16,"TRUE","4","<div style=width: 40em;><audio autoplay controls preload=auto><source src=''type='audio/mpeg'></source></audio><br><br><br>028-de-CL-4-A-0-08-BC-F-WE2_A007_1392s98<br>Est-ce que cette phrase vous donne l'impression d'être une question ?</div>","Oui",133,"1583837887_6ef676200a43d0d630bdd7a922cd742d","028-de-CL-4-A-0-08-BC-F-WE2_A007_1392s98","028","de","CL","4","A","0","08","BC","F","WE2_A007_1392s98"
"35","1",242,"FALSE","116","<div style=width: 40em;><audio autoplay controls preload=auto><source src=''type='audio/mpeg'></source></audio><br><br><br>236-ex-DE-FI-FI-0-11-SI-M-quel_énorme_bâtiment_il_a_construit<br>Est-ce que cette phrase vous donne l'impression d'être une question ?</div>","Oui",138,"1583837887_6ef676200a43d0d630bdd7a922cd742d","236-ex-DE-FI-FI-0-11-SI-M-quel_énorme_bâtiment_il_a_construit","236","ex","DE","FI","FI","0","11","SI","M","quel_énorme_bâtiment_il_a_construit"
"36","1",15,"TRUE","3","<div style=width: 40em;><audio autoplay controls preload=auto><source src=''type='audio/mpeg'></source></audio><br><br><br>122-de-DE-3-B-0-10-AW-F-WE2_A003_4686s24<br>Est-ce que cette phrase vous donne l'impression d'être une question ?</div>","Oui",127,"1583837887_6ef676200a43d0d630bdd7a922cd742d","122-de-DE-3-B-0-10-AW-F-WE2_A003_4686s24","122","de","DE","3","B","0","10","AW","F","WE2_A003_4686s24"
"37","1",195,"FALSE","69","<div style=width: 40em;><audio autoplay controls preload=auto><source src=''type='audio/mpeg'></source></audio><br><br><br>189-we-CL-FI-FI-0-9-MR-F-quelle_fabuleuse_jupe_elle_a_achetée<br>Est-ce que cette phrase vous donne l'impression d'être une question ?</div>","Oui",136,"1583837887_6ef676200a43d0d630bdd7a922cd742d","189-we-CL-FI-FI-0-9-MR-F-quelle_fabuleuse_jupe_elle_a_achetée","189","we","CL","FI","FI","0","9","MR","F","quelle_fabuleuse_jupe_elle_a_achetée"
"38","1",97,"TRUE","31","<div style=width: 40em;><audio autoplay controls preload=auto><source src=''type='audio/mpeg'></source></audio><br><br><br>031-yn-CL-31-A-0-06-AD-M-WE2_A001_6885<br>Est-ce que cette phrase vous donne l'impression d'être une question ?</div>","Oui",111,"1583837887_6ef676200a43d0d630bdd7a922cd742d","031-yn-CL-31-A-0-06-AD-M-WE2_A001_6885","031","yn","CL","31","A","0","06","AD","M","WE2_A001_6885"
"39","1",192,"FALSE","66","<div style=width: 40em;><audio autoplay controls preload=auto><source src=''type='audio/mpeg'></source></audio><br><br><br>186-we-OR-FI-FI-0-9-LU-M-quel_curieux_jeu_le_croupier_adore<br>Est-ce que cette phrase vous donne l'impression d'être une question ?</div>","Oui",137,"1583837887_6ef676200a43d0d630bdd7a922cd742d","186-we-OR-FI-FI-0-9-LU-M-quel_curieux_jeu_le_croupier_adore","186","we","OR","FI","FI","0","9","LU","M","quel_curieux_jeu_le_croupier_adore"
"40","1",33,"TRUE","9","<div style=width: 40em;><audio autoplay controls preload=auto><source src=''type='audio/mpeg'></source></audio><br><br><br>125-de-DE-9-B-0-07-AU-F-WE2_A008_3922s864<br>Est-ce que cette phrase vous donne l'impression d'être une question ?</div>","Oui",144,"1583837887_6ef676200a43d0d630bdd7a922cd742d","125-de-DE-9-B-0-07-AU-F-WE2_A008_3922s864","125","de","DE","9","B","0","07","AU","F","WE2_A008_3922s864"
"41","1",217,"FALSE","91","<div style=width: 40em;><audio autoplay controls preload=auto><source src=''type='audio/mpeg'></source></audio><br><br><br>211-ex-CL-FI-FI-0-10-LU-M-quel_chien_minuscule_il_a_caressé<br>Est-ce que cette phrase vous donne l'impression d'être une question ?</div>","Oui",133,"1583837887_6ef676200a43d0d630bdd7a922cd742d","211-ex-CL-FI-FI-0-10-LU-M-quel_chien_minuscule_il_a_caressé","211","ex","CL","FI","FI","0","10","LU","M","quel_chien_minuscule_il_a_caressé"
"42","1",47,"TRUE","14","<div style=width: 40em;><audio autoplay controls preload=auto><source src=''type='audio/mpeg'></source></audio><br><br><br>070-de-OR-14-C-0-09-AS-F-WE2_A021_630s927<br>Est-ce que cette phrase vous donne l'impression d'être une question ?</div>","Oui",163,"1583837887_6ef676200a43d0d630bdd7a922cd742d","070-de-OR-14-C-0-09-AS-F-WE2_A021_630s927","070","de","OR","14","C","0","09","AS","F","WE2_A021_630s927"
"43","1",245,"FALSE","119","<div style=width: 40em;><audio autoplay controls preload=auto><source src=''type='audio/mpeg'></source></audio><br><br><br>239-ex-OR-FI-FI-0-11-SI-M-quelle_église_merveilleuse_ils_ont_visitée<br>Est-ce que cette phrase vous donne l'impression d'être une question ?</div>","Oui",96,"1583837887_6ef676200a43d0d630bdd7a922cd742d","239-ex-OR-FI-FI-0-11-SI-M-quelle_église_merveilleuse_ils_ont_visitée","239","ex","OR","FI","FI","0","11","SI","M","quelle_église_merveilleuse_ils_ont_visitée"
"44","1",11,"TRUE","2","<div style=width: 40em;><audio autoplay controls preload=auto><source src=''type='audio/mpeg'></source></audio><br><br><br>087-de-OR-2-C-0-06-AW-F-WE2_A003_2972s210<br>Est-ce que cette phrase vous donne l'impression d'être une question ?</div>","Oui",139,"1583837887_6ef676200a43d0d630bdd7a922cd742d","087-de-OR-2-C-0-06-AW-F-WE2_A003_2972s210","087","de","OR","2","C","0","06","AW","F","WE2_A003_2972s210"
"45","1",199,"FALSE","73","<div style=width: 40em;><audio autoplay controls preload=auto><source src=''type='audio/mpeg'></source></audio><br><br><br>193-we-OR-FI-FI-0-11-MR-F-quel_agréable_paysage_il_a_peint<br>Est-ce que cette phrase vous donne l'impression d'être une question ?</div>","Oui",140,"1583837887_6ef676200a43d0d630bdd7a922cd742d","193-we-OR-FI-FI-0-11-MR-F-quel_agréable_paysage_il_a_peint","193","we","OR","FI","FI","0","11","MR","F","quel_agréable_paysage_il_a_peint"
"46","1",182,"TRUE","59","<div style=width: 40em;><audio autoplay controls preload=auto><source src=''type='audio/mpeg'></source></audio><br><br><br>115-yn-OR-59-C-0-07-AR-F-WE2_J008_2828<br>Est-ce que cette phrase vous donne l'impression d'être une question ?</div>","Oui",142,"1583837887_6ef676200a43d0d630bdd7a922cd742d","115-yn-OR-59-C-0-07-AR-F-WE2_J008_2828","115","yn","OR","59","C","0","07","AR","F","WE2_J008_2828"
"47","1",229,"FALSE","103","<div style=width: 40em;><audio autoplay controls preload=auto><source src=''type='audio/mpeg'></source></audio><br><br><br>223-ex-DE-FI-FI-0-10-MR-F-quel_étonnant_programme_il_a_prévu<br>Est-ce que cette phrase vous donne l'impression d'être une question ?</div>","Oui",119,"1583837887_6ef676200a43d0d630bdd7a922cd742d","223-ex-DE-FI-FI-0-10-MR-F-quel_étonnant_programme_il_a_prévu","223","ex","DE","FI","FI","0","10","MR","F","quel_étonnant_programme_il_a_prévu"
"48","1",142,"TRUE","46","<div style=width: 40em;><audio autoplay controls preload=auto><source src=''type='audio/mpeg'></source></audio><br><br><br>042-yn-CL-46-A-0-06-BA-F-WE2_J002_1489<br>Est-ce que cette phrase vous donne l'impression d'être une question ?</div>","Oui",136,"1583837887_6ef676200a43d0d630bdd7a922cd742d","042-yn-CL-46-A-0-06-BA-F-WE2_J002_1489","042","yn","CL","46","A","0","06","BA","F","WE2_J002_1489"
"49","1",212,"FALSE","86","<div style=width: 40em;><audio autoplay controls preload=auto><source src=''type='audio/mpeg'></source></audio><br><br><br>206-we-DE-FI-FI-0-10-SI-M-quelle_minuscule_statuette_le_sage_adore<br>Est-ce que cette phrase vous donne l'impression d'être une question ?</div>","Oui",151,"1583837887_6ef676200a43d0d630bdd7a922cd742d","206-we-DE-FI-FI-0-10-SI-M-quelle_minuscule_statuette_le_sage_adore","206","we","DE","FI","FI","0","10","SI","M","quelle_minuscule_statuette_le_sage_adore"
"50","1",150,"TRUE","48","<div style=width: 40em;><audio autoplay controls preload=auto><source src=''type='audio/mpeg'></source></audio><br><br><br>164-yn-DE-48-B-0-05-AR-F-WE2_J003_162<br>Est-ce que cette phrase vous donne l'impression d'être une question ?</div>","Oui",159,"1583837887_6ef676200a43d0d630bdd7a922cd742d","164-yn-DE-48-B-0-05-AR-F-WE2_J003_162","164","yn","DE","48","B","0","05","AR","F","WE2_J003_162"
"51","1",196,"FALSE","70","<div style=width: 40em;><audio autoplay controls preload=auto><source src=''type='audio/mpeg'></source></audio><br><br><br>190-we-DE-FI-FI-0-12-MR-F-quel_excellent_dessert_paul_a_apporté<br>Est-ce que cette phrase vous donne l'impression d'être une question ?</div>","Oui",153,"1583837887_6ef676200a43d0d630bdd7a922cd742d","190-we-DE-FI-FI-0-12-MR-F-quel_excellent_dessert_paul_a_apporté","190","we","DE","FI","FI","0","12","MR","F","quel_excellent_dessert_paul_a_apporté"
"52","1",177,"TRUE","57","<div style=width: 40em;><audio autoplay controls preload=auto><source src=''type='audio/mpeg'></source></audio><br><br><br>173-yn-DE-57-B-0-07-AZ-F-WE2_J007_6466<br>Est-ce que cette phrase vous donne l'impression d'être une question ?</div>","Oui",144,"1583837887_6ef676200a43d0d630bdd7a922cd742d","173-yn-DE-57-B-0-07-AZ-F-WE2_J007_6466","173","yn","DE","57","B","0","07","AZ","F","WE2_J007_6466"
"53","1",244,"FALSE","118","<div style=width: 40em;><audio autoplay controls preload=auto><source src=''type='audio/mpeg'></source></audio><br><br><br>238-ex-DE-FI-FI-0-11-SI-M-quel_professeur_charmant_ils_ont_décoré<br>Est-ce que cette phrase vous donne l'impression d'être une question ?</div>","Oui",153,"1583837887_6ef676200a43d0d630bdd7a922cd742d","238-ex-DE-FI-FI-0-11-SI-M-quel_professeur_charmant_ils_ont_décoré","238","ex","DE","FI","FI","0","11","SI","M","quel_professeur_charmant_ils_ont_décoré"
"54","1",106,"TRUE","34","<div style=width: 40em;><audio autoplay controls preload=auto><source src=''type='audio/mpeg'></source></audio><br><br><br>058-yn-CL-34-A-0-06-AH-F-WE2_A007_917<br>Est-ce que cette phrase vous donne l'impression d'être une question ?</div>","Oui",153,"1583837887_6ef676200a43d0d630bdd7a922cd742d","058-yn-CL-34-A-0-06-AH-F-WE2_A007_917","058","yn","CL","34","A","0","06","AH","F","WE2_A007_917"
"55","1",240,"FALSE","114","<div style=width: 40em;><audio autoplay controls preload=auto><source src=''type='audio/mpeg'></source></audio><br><br><br>234-ex-CL-FI-FI-0-11-SI-M-quel_garçon_adorable_elle_a_rencontré<br>Est-ce que cette phrase vous donne l'impression d'être une question ?</div>","Oui",147,"1583837887_6ef676200a43d0d630bdd7a922cd742d","234-ex-CL-FI-FI-0-11-SI-M-quel_garçon_adorable_elle_a_rencontré","234","ex","CL","FI","FI","0","11","SI","M","quel_garçon_adorable_elle_a_rencontré"
"56","1",42,"TRUE","12","<div style=width: 40em;><audio autoplay controls preload=auto><source src=''type='audio/mpeg'></source></audio><br><br><br>128-de-DE-12-B-0-08-AC-M-WE2_A016_2716s551<br>Est-ce que cette phrase vous donne l'impression d'être une question ?</div>","Oui",130,"1583837887_6ef676200a43d0d630bdd7a922cd742d","128-de-DE-12-B-0-08-AC-M-WE2_A016_2716s551","128","de","DE","12","B","0","08","AC","M","WE2_A016_2716s551"
"57","1",202,"FALSE","76","<div style=width: 40em;><audio autoplay controls preload=auto><source src=''type='audio/mpeg'></source></audio><br><br><br>196-we-CL-FI-FI-0-11-MT-F-quel_gentil_garçon_a_envoyé_cette_lettre<br>Est-ce que cette phrase vous donne l'impression d'être une question ?</div>","Oui",134,"1583837887_6ef676200a43d0d630bdd7a922cd742d","196-we-CL-FI-FI-0-11-MT-F-quel_gentil_garçon_a_envoyé_cette_lettre","196","we","CL","FI","FI","0","11","MT","F","quel_gentil_garçon_a_envoyé_cette_lettre"
"58","1",79,"TRUE","25","<div style=width: 40em;><audio autoplay controls preload=auto><source src=''type='audio/mpeg'></source></audio><br><br><br>021-de-CL-25-A-0-12-AQ-F-WE2_A072_1713s52<br>Est-ce que cette phrase vous donne l'impression d'être une question ?</div>","Oui",145,"1583837887_6ef676200a43d0d630bdd7a922cd742d","021-de-CL-25-A-0-12-AQ-F-WE2_A072_1713s52","021","de","CL","25","A","0","12","AQ","F","WE2_A072_1713s52"
"59","1",189,"FALSE","63","<div style=width: 40em;><audio autoplay controls preload=auto><source src=''type='audio/mpeg'></source></audio><br><br><br>183-we-DE-FI-FI-0-13-LU-M-quelle_élève_enthousiaste_le_prof_a_félicitée<br>Est-ce que cette phrase vous donne l'impression d'être une question ?</div>","Oui",145,"1583837887_6ef676200a43d0d630bdd7a922cd742d","183-we-DE-FI-FI-0-13-LU-M-quelle_élève_enthousiaste_le_prof_a_félicitée","183","we","DE","FI","FI","0","13","LU","M","quelle_élève_enthousiaste_le_prof_a_félicitée"
"60","1",160,"TRUE","52","<div style=width: 40em;><audio autoplay controls preload=auto><source src=''type='audio/mpeg'></source></audio><br><br><br>048-yn-CL-52-A-0-05-AZ-F-WE2_J006_5781<br>Est-ce que cette phrase vous donne l'impression d'être une question ?</div>","Oui",132,"1583837887_6ef676200a43d0d630bdd7a922cd742d","048-yn-CL-52-A-0-05-AZ-F-WE2_J006_5781","048","yn","CL","52","A","0","05","AZ","F","WE2_J006_5781"
"61","1",233,"FALSE","107","<div style=width: 40em;><audio autoplay controls preload=auto><source src=''type='audio/mpeg'></source></audio><br><br><br>227-ex-CL-FI-FI-0-7-MT-F-quelle_fin_curieuse_il_a_eu<br>Est-ce que cette phrase vous donne l'impression d'être une question ?</div>","Oui",138,"1583837887_6ef676200a43d0d630bdd7a922cd742d","227-ex-CL-FI-FI-0-7-MT-F-quelle_fin_curieuse_il_a_eu","227","ex","CL","FI","FI","0","7","MT","F","quelle_fin_curieuse_il_a_eu"
"62","1",151,"TRUE","49","<div style=width: 40em;><audio autoplay controls preload=auto><source src=''type='audio/mpeg'></source></audio><br><br><br>045-yn-CL-49-A-0-04-AR-F-WE2_J003_2511<br>Est-ce que cette phrase vous donne l'impression d'être une question ?</div>","Oui",145,"1583837887_6ef676200a43d0d630bdd7a922cd742d","045-yn-CL-49-A-0-04-AR-F-WE2_J003_2511","045","yn","CL","49","A","0","04","AR","F","WE2_J003_2511"
"63","1",204,"FALSE","78","<div style=width: 40em;><audio autoplay controls preload=auto><source src=''type='audio/mpeg'></source></audio><br><br><br>198-we-DE-FI-FI-0-11-MT-F-quel_ancien_cinéma_la_ville_a_détruit<br>Est-ce que cette phrase vous donne l'impression d'être une question ?</div>","Oui",154,"1583837887_6ef676200a43d0d630bdd7a922cd742d","198-we-DE-FI-FI-0-11-MT-F-quel_ancien_cinéma_la_ville_a_détruit","198","we","DE","FI","FI","0","11","MT","F","quel_ancien_cinéma_la_ville_a_détruit"
"64","1",25,"TRUE","7","<div style=width: 40em;><audio autoplay controls preload=auto><source src=''type='audio/mpeg'></source></audio><br><br><br>004-de-CL-7-A-0-06-AU-F-WE2_A008_1238s554<br>Est-ce que cette phrase vous donne l'impression d'être une question ?</div>","Oui",112,"1583837887_6ef676200a43d0d630bdd7a922cd742d","004-de-CL-7-A-0-06-AU-F-WE2_A008_1238s554","004","de","CL","7","A","0","06","AU","F","WE2_A008_1238s554"
"65","1",213,"FALSE","87","<div style=width: 40em;><audio autoplay controls preload=auto><source src=''type='audio/mpeg'></source></audio><br><br><br>207-we-DE-FI-FI-0-9-SI-M-quelle_peinture_somptueuse_ils_ont_achetée<br>Est-ce que cette phrase vous donne l'impression d'être une question ?</div>","Oui",178,"1583837887_6ef676200a43d0d630bdd7a922cd742d","207-we-DE-FI-FI-0-9-SI-M-quelle_peinture_somptueuse_ils_ont_achetée","207","we","DE","FI","FI","0","9","SI","M","quelle_peinture_somptueuse_ils_ont_achetée"
"66","1",168,"TRUE","54","<div style=width: 40em;><audio autoplay controls preload=auto><source src=''type='audio/mpeg'></source></audio><br><br><br>170-yn-DE-54-B-0-02-BA-F-WE2_J001_5408<br>Est-ce que cette phrase vous donne l'impression d'être une question ?</div>","Oui",147,"1583837887_6ef676200a43d0d630bdd7a922cd742d","170-yn-DE-54-B-0-02-BA-F-WE2_J001_5408","170","yn","DE","54","B","0","02","BA","F","WE2_J001_5408"
"67","1",188,"FALSE","62","<div style=width: 40em;><audio autoplay controls preload=auto><source src=''type='audio/mpeg'></source></audio><br><br><br>182-we-CL-FI-FI-0-13-LU-M-quelle_députée_mauvaise_a_gagné_les_élections<br>Est-ce que cette phrase vous donne l'impression d'être une question ?</div>","Oui",146,"1583837887_6ef676200a43d0d630bdd7a922cd742d","182-we-CL-FI-FI-0-13-LU-M-quelle_députée_mauvaise_a_gagné_les_élections","182","we","CL","FI","FI","0","13","LU","M","quelle_députée_mauvaise_a_gagné_les_élections"
"68","1",61,"TRUE","19","<div style=width: 40em;><audio autoplay controls preload=auto><source src=''type='audio/mpeg'></source></audio><br><br><br>015-de-CL-19-A-0-05-AA-F-WE2_A065_1669s441<br>Est-ce que cette phrase vous donne l'impression d'être une question ?</div>","Oui",136,"1583837887_6ef676200a43d0d630bdd7a922cd742d","015-de-CL-19-A-0-05-AA-F-WE2_A065_1669s441","015","de","CL","19","A","0","05","AA","F","WE2_A065_1669s441"
"69","1",208,"FALSE","82","<div style=width: 40em;><audio autoplay controls preload=auto><source src=''type='audio/mpeg'></source></audio><br><br><br>202-we-OR-FI-FI-0-10-MT-F-quelle_femme_superbe_oscar_veut_embrasser<br>Est-ce que cette phrase vous donne l'impression d'être une question ?</div>","Oui",143,"1583837887_6ef676200a43d0d630bdd7a922cd742d","202-we-OR-FI-FI-0-10-MT-F-quelle_femme_superbe_oscar_veut_embrasser","202","we","OR","FI","FI","0","10","MT","F","quelle_femme_superbe_oscar_veut_embrasser"
"70","1",155,"TRUE","50","<div style=width: 40em;><audio autoplay controls preload=auto><source src=''type='audio/mpeg'></source></audio><br><br><br>106-yn-OR-50-C-0-05-AR-F-WE2_J003_3026<br>Est-ce que cette phrase vous donne l'impression d'être une question ?</div>","Oui",173,"1583837887_6ef676200a43d0d630bdd7a922cd742d","106-yn-OR-50-C-0-05-AR-F-WE2_J003_3026","106","yn","OR","50","C","0","05","AR","F","WE2_J003_3026"
"71","1",224,"FALSE","98","<div style=width: 40em;><audio autoplay controls preload=auto><source src=''type='audio/mpeg'></source></audio><br><br><br>218-ex-OR-FI-FI-0-11-LU-M-quelle_utile_inspiration_il_m_a_donnée<br>Est-ce que cette phrase vous donne l'impression d'être une question ?</div>","Oui",110,"1583837887_6ef676200a43d0d630bdd7a922cd742d","218-ex-OR-FI-FI-0-11-LU-M-quelle_utile_inspiration_il_m_a_donnée","218","ex","OR","FI","FI","0","11","LU","M","quelle_utile_inspiration_il_m_a_donnée"
"72","1",186,"TRUE","60","<div style=width: 40em;><audio autoplay controls preload=auto><source src=''type='audio/mpeg'></source></audio><br><br><br>176-yn-DE-60-B-0-05-AR-F-WE2_J009_4880<br>Est-ce que cette phrase vous donne l'impression d'être une question ?</div>","Oui",266,"1583837887_6ef676200a43d0d630bdd7a922cd742d","176-yn-DE-60-B-0-05-AR-F-WE2_J009_4880","176","yn","DE","60","B","0","05","AR","F","WE2_J009_4880"
"73","1",200,"FALSE","74","<div style=width: 40em;><audio autoplay controls preload=auto><source src=''type='audio/mpeg'></source></audio><br><br><br>194-we-OR-FI-FI-0-8-MR-F-quel_merveilleux_homme_est_parti<br>Est-ce que cette phrase vous donne l'impression d'être une question ?</div>","Oui",141,"1583837887_6ef676200a43d0d630bdd7a922cd742d","194-we-OR-FI-FI-0-8-MR-F-quel_merveilleux_homme_est_parti","194","we","OR","FI","FI","0","8","MR","F","quel_merveilleux_homme_est_parti"
"74","1",178,"TRUE","58","<div style=width: 40em;><audio autoplay controls preload=auto><source src=''type='audio/mpeg'></source></audio><br><br><br>054-yn-CL-58-A-0-05-AZ-F-WE2_J007_8973<br>Est-ce que cette phrase vous donne l'impression d'être une question ?</div>","Oui",140,"1583837887_6ef676200a43d0d630bdd7a922cd742d","054-yn-CL-58-A-0-05-AZ-F-WE2_J007_8973","054","yn","CL","58","A","0","05","AZ","F","WE2_J007_8973"
"75","1",226,"FALSE","100","<div style=width: 40em;><audio autoplay controls preload=auto><source src=''type='audio/mpeg'></source></audio><br><br><br>220-ex-CL-FI-FI-0-12-MR-F-quelle_balade_agréable_ils_ont_organisée<br>Est-ce que cette phrase vous donne l'impression d'être une question ?</div>","Oui",138,"1583837887_6ef676200a43d0d630bdd7a922cd742d","220-ex-CL-FI-FI-0-12-MR-F-quelle_balade_agréable_ils_ont_organisée","220","ex","CL","FI","FI","0","12","MR","F","quelle_balade_agréable_ils_ont_organisée"
"76","1",173,"TRUE","56","<div style=width: 40em;><audio autoplay controls preload=auto><source src=''type='audio/mpeg'></source></audio><br><br><br>112-yn-OR-56-C-0-08-AZ-F-WE2_J007_4622<br>Est-ce que cette phrase vous donne l'impression d'être une question ?</div>","Oui",152,"1583837887_6ef676200a43d0d630bdd7a922cd742d","112-yn-OR-56-C-0-08-AZ-F-WE2_J007_4622","112","yn","OR","56","C","0","08","AZ","F","WE2_J007_4622"
"77","1",203,"FALSE","77","<div style=width: 40em;><audio autoplay controls preload=auto><source src=''type='audio/mpeg'></source></audio><br><br><br>197-we-CL-FI-FI-0-12-MT-F-quel_objet_utile_l_artisan_a_fabriqué<br>Est-ce que cette phrase vous donne l'impression d'être une question ?</div>","Oui",106,"1583837887_6ef676200a43d0d630bdd7a922cd742d","197-we-CL-FI-FI-0-12-MT-F-quel_objet_utile_l_artisan_a_fabriqué","197","we","CL","FI","FI","0","12","MT","F","quel_objet_utile_l_artisan_a_fabriqué"
"78","1",105,"TRUE","33","<div style=width: 40em;><audio autoplay controls preload=auto><source src=''type='audio/mpeg'></source></audio><br><br><br>152-yn-DE-33-B-0-07-AH-F-WE2_A007_4520<br>Est-ce que cette phrase vous donne l'impression d'être une question ?</div>","Oui",116,"1583837887_6ef676200a43d0d630bdd7a922cd742d","152-yn-DE-33-B-0-07-AH-F-WE2_A007_4520","152","yn","DE","33","B","0","07","AH","F","WE2_A007_4520"
"79","1",215,"FALSE","89","<div style=width: 40em;><audio autoplay controls preload=auto><source src=''type='audio/mpeg'></source></audio><br><br><br>209-we-OR-FI-FI-0-11-SI-M-quelle_femme_époustouflante_il_va_épouser<br>Est-ce que cette phrase vous donne l'impression d'être une question ?</div>","Oui",131,"1583837887_6ef676200a43d0d630bdd7a922cd742d","209-we-OR-FI-FI-0-11-SI-M-quelle_femme_époustouflante_il_va_épouser","209","we","OR","FI","FI","0","11","SI","M","quelle_femme_époustouflante_il_va_épouser"
"80","1",164,"TRUE","53","<div style=width: 40em;><audio autoplay controls preload=auto><source src=''type='audio/mpeg'></source></audio><br><br><br>109-yn-OR-53-C-0-05-BD-F-WE2_A020_6349<br>Est-ce que cette phrase vous donne l'impression d'être une question ?</div>","Oui",142,"1583837887_6ef676200a43d0d630bdd7a922cd742d","109-yn-OR-53-C-0-05-BD-F-WE2_A020_6349","109","yn","OR","53","C","0","05","BD","F","WE2_A020_6349"
"81","1",243,"FALSE","117","<div style=width: 40em;><audio autoplay controls preload=auto><source src=''type='audio/mpeg'></source></audio><br><br><br>237-ex-DE-FI-FI-0-10-SI-M-quel_orage_violent_a_fait_peur_au_chien<br>Est-ce que cette phrase vous donne l'impression d'être une question ?</div>","Oui",136,"1583837887_6ef676200a43d0d630bdd7a922cd742d","237-ex-DE-FI-FI-0-10-SI-M-quel_orage_violent_a_fait_peur_au_chien","237","ex","DE","FI","FI","0","10","SI","M","quel_orage_violent_a_fait_peur_au_chien"
"82","1",34,"TRUE","10","<div style=width: 40em;><audio autoplay controls preload=auto><source src=''type='audio/mpeg'></source></audio><br><br><br>006-de-CL-10-A-0-09-AU-F-WE2_A008_3984s177<br>Est-ce que cette phrase vous donne l'impression d'être une question ?</div>","Oui",139,"1583837887_6ef676200a43d0d630bdd7a922cd742d","006-de-CL-10-A-0-09-AU-F-WE2_A008_3984s177","006","de","CL","10","A","0","09","AU","F","WE2_A008_3984s177"
"83","1",220,"FALSE","94","<div style=width: 40em;><audio autoplay controls preload=auto><source src=''type='audio/mpeg'></source></audio><br><br><br>214-ex-DE-FI-FI-0-8-LU-M-quel_homme_grand_sophie_a_battu<br>Est-ce que cette phrase vous donne l'impression d'être une question ?</div>","Oui",146,"1583837887_6ef676200a43d0d630bdd7a922cd742d","214-ex-DE-FI-FI-0-8-LU-M-quel_homme_grand_sophie_a_battu","214","ex","DE","FI","FI","0","8","LU","M","quel_homme_grand_sophie_a_battu"
"84","1",74,"TRUE","23","<div style=width: 40em;><audio autoplay controls preload=auto><source src=''type='audio/mpeg'></source></audio><br><br><br>079-de-OR-23-C-0-06-AA-F-WE2_A065_3341s516<br>Est-ce que cette phrase vous donne l'impression d'être une question ?</div>","Oui",156,"1583837887_6ef676200a43d0d630bdd7a922cd742d","079-de-OR-23-C-0-06-AA-F-WE2_A065_3341s516","079","de","OR","23","C","0","06","AA","F","WE2_A065_3341s516"
"85","1",216,"FALSE","90","<div style=width: 40em;><audio autoplay controls preload=auto><source src=''type='audio/mpeg'></source></audio><br><br><br>210-we-OR-FI-FI-0-9-SI-M-quelle_haute_tour_il_a_escaladé<br>Est-ce que cette phrase vous donne l'impression d'être une question ?</div>","Oui",162,"1583837887_6ef676200a43d0d630bdd7a922cd742d","210-we-OR-FI-FI-0-9-SI-M-quelle_haute_tour_il_a_escaladé","210","we","OR","FI","FI","0","9","SI","M","quelle_haute_tour_il_a_escaladé"
"86","1",92,"TRUE","29","<div style=width: 40em;><audio autoplay controls preload=auto><source src=''type='audio/mpeg'></source></audio><br><br><br>085-de-OR-29-C-0-09-AP-M-WE2_A072_397s594<br>Est-ce que cette phrase vous donne l'impression d'être une question ?</div>","Oui",152,"1583837887_6ef676200a43d0d630bdd7a922cd742d","085-de-OR-29-C-0-09-AP-M-WE2_A072_397s594","085","de","OR","29","C","0","09","AP","M","WE2_A072_397s594"
"87","1",191,"FALSE","65","<div style=width: 40em;><audio autoplay controls preload=auto><source src=''type='audio/mpeg'></source></audio><br><br><br>185-we-DE-FI-FI-0-11-LU-M-quelle_tarte_appétissante_elle_a_cuisinée<br>Est-ce que cette phrase vous donne l'impression d'être une question ?</div>","Oui",135,"1583837887_6ef676200a43d0d630bdd7a922cd742d","185-we-DE-FI-FI-0-11-LU-M-quelle_tarte_appétissante_elle_a_cuisinée","185","we","DE","FI","FI","0","11","LU","M","quelle_tarte_appétissante_elle_a_cuisinée"
"88","1",159,"TRUE","51","<div style=width: 40em;><audio autoplay controls preload=auto><source src=''type='audio/mpeg'></source></audio><br><br><br>167-yn-DE-51-B-0-04-AZ-F-WE2_J006_5495<br>Est-ce que cette phrase vous donne l'impression d'être une question ?</div>","Oui",432,"1583837887_6ef676200a43d0d630bdd7a922cd742d","167-yn-DE-51-B-0-04-AZ-F-WE2_J006_5495","167","yn","DE","51","B","0","04","AZ","F","WE2_J006_5495"
"89","1",237,"FALSE","111","<div style=width: 40em;><audio autoplay controls preload=auto><source src=''type='audio/mpeg'></source></audio><br><br><br>231-ex-DE-FI-FI-0-8-MT-F-quel_mauvais_livre_jérôme_a_lu<br>Est-ce que cette phrase vous donne l'impression d'être une question ?</div>","Oui",158,"1583837887_6ef676200a43d0d630bdd7a922cd742d","231-ex-DE-FI-FI-0-8-MT-F-quel_mauvais_livre_jérôme_a_lu","231","ex","DE","FI","FI","0","8","MT","F","quel_mauvais_livre_jérôme_a_lu"
"90","1",124,"TRUE","40","<div style=width: 40em;><audio autoplay controls preload=auto><source src=''type='audio/mpeg'></source></audio><br><br><br>036-yn-CL-40-A-0-06-AF-F-WE2_F003_3029<br>Est-ce que cette phrase vous donne l'impression d'être une question ?</div>","Oui",156,"1583837887_6ef676200a43d0d630bdd7a922cd742d","036-yn-CL-40-A-0-06-AF-F-WE2_F003_3029","036","yn","CL","40","A","0","06","AF","F","WE2_F003_3029"
"91","1",211,"FALSE","85","<div style=width: 40em;><audio autoplay controls preload=auto><source src=''type='audio/mpeg'></source></audio><br><br><br>205-we-CL-FI-FI-0-11-SI-M-quelle_violente_tempête_a_détruit_la_maison<br>Est-ce que cette phrase vous donne l'impression d'être une question ?</div>","Oui",175,"1583837887_6ef676200a43d0d630bdd7a922cd742d","205-we-CL-FI-FI-0-11-SI-M-quelle_violente_tempête_a_détruit_la_maison","205","we","CL","FI","FI","0","11","SI","M","quelle_violente_tempête_a_détruit_la_maison"
"92","1",56,"TRUE","17","<div style=width: 40em;><audio autoplay controls preload=auto><source src=''type='audio/mpeg'></source></audio><br><br><br>073-de-OR-17-C-0-08-AB-F-WE2_A063_537s475<br>Est-ce que cette phrase vous donne l'impression d'être une question ?</div>","Oui",154,"1583837887_6ef676200a43d0d630bdd7a922cd742d","073-de-OR-17-C-0-08-AB-F-WE2_A063_537s475","073","de","OR","17","C","0","08","AB","F","WE2_A063_537s475"
"93","1",190,"FALSE","64","<div style=width: 40em;><audio autoplay controls preload=auto><source src=''type='audio/mpeg'></source></audio><br><br><br>184-we-DE-FI-FI-0-11-LU-M-quelle_fin_étonnante_l_auteur_a_divulguée<br>Est-ce que cette phrase vous donne l'impression d'être une question ?</div>","Oui",177,"1583837887_6ef676200a43d0d630bdd7a922cd742d","184-we-DE-FI-FI-0-11-LU-M-quelle_fin_étonnante_l_auteur_a_divulguée","184","we","DE","FI","FI","0","11","LU","M","quelle_fin_étonnante_l_auteur_a_divulguée"
"94","1",101,"TRUE","32","<div style=width: 40em;><audio autoplay controls preload=auto><source src=''type='audio/mpeg'></source></audio><br><br><br>117-yn-OR-32-C-0-06-AL-M-WE2_A005_206<br>Est-ce que cette phrase vous donne l'impression d'être une question ?</div>","Oui",141,"1583837887_6ef676200a43d0d630bdd7a922cd742d","117-yn-OR-32-C-0-06-AL-M-WE2_A005_206","117","yn","OR","32","C","0","06","AL","M","WE2_A005_206"
"95","1",205,"FALSE","79","<div style=width: 40em;><audio autoplay controls preload=auto><source src=''type='audio/mpeg'></source></audio><br><br><br>199-we-DE-FI-FI-0-10-MT-F-quelle_grande_footballeuse_a_marqué_ce_but<br>Est-ce que cette phrase vous donne l'impression d'être une question ?</div>","Oui",159,"1583837887_6ef676200a43d0d630bdd7a922cd742d","199-we-DE-FI-FI-0-10-MT-F-quelle_grande_footballeuse_a_marqué_ce_but","199","we","DE","FI","FI","0","10","MT","F","quelle_grande_footballeuse_a_marqué_ce_but"
"96","1",70,"TRUE","22","<div style=width: 40em;><audio autoplay controls preload=auto><source src=''type='audio/mpeg'></source></audio><br><br><br>018-de-CL-22-A-0-05-AA-F-WE2_A065_3188s774<br>Est-ce que cette phrase vous donne l'impression d'être une question ?</div>","Oui",157,"1583837887_6ef676200a43d0d630bdd7a922cd742d","018-de-CL-22-A-0-05-AA-F-WE2_A065_3188s774","018","de","CL","22","A","0","05","AA","F","WE2_A065_3188s774"
"97","1",218,"FALSE","92","<div style=width: 40em;><audio autoplay controls preload=auto><source src=''type='audio/mpeg'></source></audio><br><br><br>212-ex-CL-FI-FI-0-13-LU-M-quel_grandiose_évènement_françoise_a_organisé<br>Est-ce que cette phrase vous donne l'impression d'être une question ?</div>","Oui",153,"1583837887_6ef676200a43d0d630bdd7a922cd742d","212-ex-CL-FI-FI-0-13-LU-M-quel_grandiose_évènement_françoise_a_organisé","212","ex","CL","FI","FI","0","13","LU","M","quel_grandiose_évènement_françoise_a_organisé"
"98","1",96,"TRUE","30","<div style=width: 40em;><audio autoplay controls preload=auto><source src=''type='audio/mpeg'></source></audio><br><br><br>146-de-DE-30-B-0-06-AP-M-WE2_A072_487s724<br>Est-ce que cette phrase vous donne l'impression d'être une question ?</div>","Oui",667,"1583837887_6ef676200a43d0d630bdd7a922cd742d","146-de-DE-30-B-0-06-AP-M-WE2_A072_487s724","146","de","DE","30","B","0","06","AP","M","WE2_A072_487s724"
"99","1",231,"FALSE","105","<div style=width: 40em;><audio autoplay controls preload=auto><source src=''type='audio/mpeg'></source></audio><br><br><br>225-ex-OR-FI-FI-0-10-MR-F-quelle_nouvelle_excellente_elle_a_reçue<br>Est-ce que cette phrase vous donne l'impression d'être une question ?</div>","Oui",112,"1583837887_6ef676200a43d0d630bdd7a922cd742d","225-ex-OR-FI-FI-0-10-MR-F-quelle_nouvelle_excellente_elle_a_reçue","225","ex","OR","FI","FI","0","10","MR","F","quelle_nouvelle_excellente_elle_a_reçue"
"100","1",133,"TRUE","43","<div style=width: 40em;><audio autoplay controls preload=auto><source src=''type='audio/mpeg'></source></audio><br><br><br>039-yn-CL-43-A-0-08-AF-F-WE2_F003_7082<br>Est-ce que cette phrase vous donne l'impression d'être une question ?</div>","Oui",136,"1583837887_6ef676200a43d0d630bdd7a922cd742d","039-yn-CL-43-A-0-08-AF-F-WE2_F003_7082","039","yn","CL","43","A","0","08","AF","F","WE2_F003_7082"
"101","1",241,"FALSE","115","<div style=width: 40em;><audio autoplay controls preload=auto><source src=''type='audio/mpeg'></source></audio><br><br><br>235-ex-CL-FI-FI-0-9-SI-M-quelle_montagne_haute_ils_ont_creusée<br>Est-ce que cette phrase vous donne l'impression d'être une question ?</div>","Oui",160,"1583837887_6ef676200a43d0d630bdd7a922cd742d","235-ex-CL-FI-FI-0-9-SI-M-quelle_montagne_haute_ils_ont_creusée","235","ex","CL","FI","FI","0","9","SI","M","quelle_montagne_haute_ils_ont_creusée"
"102","1",88,"TRUE","28","<div style=width: 40em;><audio autoplay controls preload=auto><source src=''type='audio/mpeg'></source></audio><br><br><br>024-de-CL-28-A-0-13-AP-M-WE2_A072_3156s621<br>Est-ce que cette phrase vous donne l'impression d'être une question ?</div>","Oui",170,"1583837887_6ef676200a43d0d630bdd7a922cd742d","024-de-CL-28-A-0-13-AP-M-WE2_A072_3156s621","024","de","CL","28","A","0","13","AP","M","WE2_A072_3156s621"
"103","1",246,"FALSE","120","<div style=width: 40em;><audio autoplay controls preload=auto><source src=''type='audio/mpeg'></source></audio><br><br><br>240-ex-OR-FI-FI-0-12-SI-M-quelle_sorcière_méchante_le_héros_a_combattu<br>Est-ce que cette phrase vous donne l'impression d'être une question ?</div>","Oui",139,"1583837887_6ef676200a43d0d630bdd7a922cd742d","240-ex-OR-FI-FI-0-12-SI-M-quelle_sorcière_méchante_le_héros_a_combattu","240","ex","OR","FI","FI","0","12","SI","M","quelle_sorcière_méchante_le_héros_a_combattu"
"104","1",132,"TRUE","42","<div style=width: 40em;><audio autoplay controls preload=auto><source src=''type='audio/mpeg'></source></audio><br><br><br>158-yn-DE-42-B-0-07-AF-F-WE2_F003_4258<br>Est-ce que cette phrase vous donne l'impression d'être une question ?</div>","Oui",175,"1583837887_6ef676200a43d0d630bdd7a922cd742d","158-yn-DE-42-B-0-07-AF-F-WE2_F003_4258","158","yn","DE","42","B","0","07","AF","F","WE2_F003_4258"
"105","1",193,"FALSE","67","<div style=width: 40em;><audio autoplay controls preload=auto><source src=''type='audio/mpeg'></source></audio><br><br><br>187-we-OR-FI-FI-0-13-LU-M-quel_repas_délicieux_alexandre_a_cuisiné<br>Est-ce que cette phrase vous donne l'impression d'être une question ?</div>","Oui",161,"1583837887_6ef676200a43d0d630bdd7a922cd742d","187-we-OR-FI-FI-0-13-LU-M-quel_repas_délicieux_alexandre_a_cuisiné","187","we","OR","FI","FI","0","13","LU","M","quel_repas_délicieux_alexandre_a_cuisiné"
"106","1",65,"TRUE","20","<div style=width: 40em;><audio autoplay controls preload=auto><source src=''type='audio/mpeg'></source></audio><br><br><br>076-de-OR-20-C-0-06-AA-F-WE2_A065_2122s982<br>Est-ce que cette phrase vous donne l'impression d'être une question ?</div>","Oui",152,"1583837887_6ef676200a43d0d630bdd7a922cd742d","076-de-OR-20-C-0-06-AA-F-WE2_A065_2122s982","076","de","OR","20","C","0","06","AA","F","WE2_A065_2122s982"
"107","1",227,"FALSE","101","<div style=width: 40em;><audio autoplay controls preload=auto><source src=''type='audio/mpeg'></source></audio><br><br><br>221-ex-CL-FI-FI-0-9-MR-F-quelle_maison_jolie_ils_ont_trouvée<br>Est-ce que cette phrase vous donne l'impression d'être une question ?</div>","Oui",154,"1583837887_6ef676200a43d0d630bdd7a922cd742d","221-ex-CL-FI-FI-0-9-MR-F-quelle_maison_jolie_ils_ont_trouvée","221","ex","CL","FI","FI","0","9","MR","F","quelle_maison_jolie_ils_ont_trouvée"
"108","1",119,"TRUE","38","<div style=width: 40em;><audio autoplay controls preload=auto><source src=''type='audio/mpeg'></source></audio><br><br><br>120-yn-OR-38-C-0-08-AM-F-WE2_A025_8981<br>Est-ce que cette phrase vous donne l'impression d'être une question ?</div>","Oui",144,"1583837887_6ef676200a43d0d630bdd7a922cd742d","120-yn-OR-38-C-0-08-AM-F-WE2_A025_8981","120","yn","OR","38","C","0","08","AM","F","WE2_A025_8981"
"109","1",239,"FALSE","113","<div style=width: 40em;><audio autoplay controls preload=auto><source src=''type='audio/mpeg'></source></audio><br><br><br>233-ex-OR-FI-FI-0-10-MT-F-quelle_mignonne_sculpture_sophie_a_vendue<br>Est-ce que cette phrase vous donne l'impression d'être une question ?</div>","Oui",150,"1583837887_6ef676200a43d0d630bdd7a922cd742d","233-ex-OR-FI-FI-0-10-MT-F-quelle_mignonne_sculpture_sophie_a_vendue","233","ex","OR","FI","FI","0","10","MT","F","quelle_mignonne_sculpture_sophie_a_vendue"
"110","1",52,"TRUE","16","<div style=width: 40em;><audio autoplay controls preload=auto><source src=''type='audio/mpeg'></source></audio><br><br><br>012-de-CL-16-A-0-05-AB-F-WE2_A063_1111s566<br>Est-ce que cette phrase vous donne l'impression d'être une question ?</div>","Oui",176,"1583837887_6ef676200a43d0d630bdd7a922cd742d","012-de-CL-16-A-0-05-AB-F-WE2_A063_1111s566","012","de","CL","16","A","0","05","AB","F","WE2_A063_1111s566"
"111","1",230,"FALSE","104","<div style=width: 40em;><audio autoplay controls preload=auto><source src=''type='audio/mpeg'></source></audio><br><br><br>224-ex-OR-FI-FI-0-13-MR-F-quelle_délicieuse_omelette_le_serveur_a_apportée<br>Est-ce que cette phrase vous donne l'impression d'être une question ?</div>","Oui",194,"1583837887_6ef676200a43d0d630bdd7a922cd742d","224-ex-OR-FI-FI-0-13-MR-F-quelle_délicieuse_omelette_le_serveur_a_apportée","224","ex","OR","FI","FI","0","13","MR","F","quelle_délicieuse_omelette_le_serveur_a_apportée"
"112","1",128,"TRUE","41","<div style=width: 40em;><audio autoplay controls preload=auto><source src=''type='audio/mpeg'></source></audio><br><br><br>097-yn-OR-41-C-0-07-AF-F-WE2_F003_3392<br>Est-ce que cette phrase vous donne l'impression d'être une question ?</div>","Oui",148,"1583837887_6ef676200a43d0d630bdd7a922cd742d","097-yn-OR-41-C-0-07-AF-F-WE2_F003_3392","097","yn","OR","41","C","0","07","AF","F","WE2_F003_3392"
"113","1",209,"FALSE","83","<div style=width: 40em;><audio autoplay controls preload=auto><source src=''type='audio/mpeg'></source></audio><br><br><br>203-we-CL-FI-FI-0-11-SI-M-quel_chaton_mignon_charlotte_a_adopté<br>Est-ce que cette phrase vous donne l'impression d'être une question ?</div>","Oui",143,"1583837887_6ef676200a43d0d630bdd7a922cd742d","203-we-CL-FI-FI-0-11-SI-M-quel_chaton_mignon_charlotte_a_adopté","203","we","CL","FI","FI","0","11","SI","M","quel_chaton_mignon_charlotte_a_adopté"
"114","1",38,"TRUE","11","<div style=width: 40em;><audio autoplay controls preload=auto><source src=''type='audio/mpeg'></source></audio><br><br><br>067-de-OR-11-C-0-10-AT-F-WE2_A014_147s558<br>Est-ce que cette phrase vous donne l'impression d'être une question ?</div>","Oui",155,"1583837887_6ef676200a43d0d630bdd7a922cd742d","067-de-OR-11-C-0-10-AT-F-WE2_A014_147s558","067","de","OR","11","C","0","10","AT","F","WE2_A014_147s558"
"115","1",207,"FALSE","81","<div style=width: 40em;><audio autoplay controls preload=auto><source src=''type='audio/mpeg'></source></audio><br><br><br>201-we-OR-FI-FI-0-11-MT-F-quelle_boîte_adorable_l_artiste_a_fabriquée<br>Est-ce que cette phrase vous donne l'impression d'être une question ?</div>","Oui",150,"1583837887_6ef676200a43d0d630bdd7a922cd742d","201-we-OR-FI-FI-0-11-MT-F-quelle_boîte_adorable_l_artiste_a_fabriquée","201","we","OR","FI","FI","0","11","MT","F","quelle_boîte_adorable_l_artiste_a_fabriquée"
"116","1",69,"TRUE","21","<div style=width: 40em;><audio autoplay controls preload=auto><source src=''type='audio/mpeg'></source></audio><br><br><br>137-de-DE-21-B-0-07-AA-F-WE2_A065_2168s08<br>Est-ce que cette phrase vous donne l'impression d'être une question ?</div>","Oui",156,"1583837887_6ef676200a43d0d630bdd7a922cd742d","137-de-DE-21-B-0-07-AA-F-WE2_A065_2168s08","137","de","DE","21","B","0","07","AA","F","WE2_A065_2168s08"
"117","1",219,"FALSE","93","<div style=width: 40em;><audio autoplay controls preload=auto><source src=''type='audio/mpeg'></source></audio><br><br><br>213-ex-CL-FI-FI-0-9-LU-M-quel_superbe_tableau_pierre_a_peint<br>Est-ce que cette phrase vous donne l'impression d'être une question ?</div>","Oui",134,"1583837887_6ef676200a43d0d630bdd7a922cd742d","213-ex-CL-FI-FI-0-9-LU-M-quel_superbe_tableau_pierre_a_peint","213","ex","CL","FI","FI","0","9","LU","M","quel_superbe_tableau_pierre_a_peint"
"118","1",7,"TRUE","1","<div style=width: 40em;><audio autoplay controls preload=auto><source src=''type='audio/mpeg'></source></audio><br><br><br>001-de-CL-1-A-0-05-AL-M-WE2_A001_1952s875<br>Est-ce que cette phrase vous donne l'impression d'être une question ?</div>","Oui",158,"1583837887_6ef676200a43d0d630bdd7a922cd742d","001-de-CL-1-A-0-05-AL-M-WE2_A001_1952s875","001","de","CL","1","A","0","05","AL","M","WE2_A001_1952s875"
"119","1",234,"FALSE","108","<div style=width: 40em;><audio autoplay controls preload=auto><source src=''type='audio/mpeg'></source></audio><br><br><br>228-ex-CL-FI-FI-0-15-MT-F-quelle_parfaite_introduction_le_doctorant_a_rédigée<br>Est-ce que cette phrase vous donne l'impression d'être une question ?</div>","Oui",161,"1583837887_6ef676200a43d0d630bdd7a922cd742d","228-ex-CL-FI-FI-0-15-MT-F-quelle_parfaite_introduction_le_doctorant_a_rédigée","228","ex","CL","FI","FI","0","15","MT","F","quelle_parfaite_introduction_le_doctorant_a_rédigée"
"120","1",123,"TRUE","39","<div style=width: 40em;><audio autoplay controls preload=auto><source src=''type='audio/mpeg'></source></audio><br><br><br>155-yn-DE-39-B-0-13-AM-F-WE2_A025_9133<br>Est-ce que cette phrase vous donne l'impression d'être une question ?</div>","Oui",146,"1583837887_6ef676200a43d0d630bdd7a922cd742d","155-yn-DE-39-B-0-13-AM-F-WE2_A025_9133","155","yn","DE","39","B","0","13","AM","F","WE2_A025_9133"
