"","subj","commentexpe","expebienpassee","X_REACTION_TIME_.x","nom","email","age","langues.bilingue","accord","langue.maternelle","bilingue","son","X_REACTION_TIME_.y","presentation_order","type","item","question","answer","quest_rt","subj_uid","stimulus","date_ok","stim_number","XP_type","task_q_type","sentence_type","audio_type","item2","list","presence_eske","syll_num","spk_id","spk_sex","orig_filename"
"87",2,"qwfd","Oui","2171","987","0987","0987"," ","s&igrave;s","Oui","Oui","casque","5560",239,"FM","76","<div style=width: 40em;><audio autoplay controls preload=auto><source src=https://github.com/ltinsitu/EXPs_perception_contours_finaux/blob/master/Expe_perception_verif_methodo_3/Audio_files/XP_mbrola/221-XP_mbrola-is.it.decla-whexclamative-clair-FI-FI-FI-12-MR-F-quelle_balade_agréable_ils_ont_organisée.mp3?raw=truetype=audio/mpeg></source></audio><br><br><br><!--221-XP_mbrola-is.it.decla-whexclamative-clair-FI-FI-FI-12-MR-F-quelle_balade_agréable_ils_ont_organisée--><br>Est-ce que cette phrase vous donne limpression dêtre <br><strong>une exclamative ?</strong></div>","Oui",449,"1593012484_b13677cfd339e4c8a8d6089670a8db22","221-XP_mbrola-is.it.decla-whexclamative-clair-FI-FI-FI-12-MR-F-quelle_balade_agréable_ils_ont_organisée",2020-06-24 17:28:04,"221","XP_mbrola","is.it.decla","whexclamative","clair","FI","FI","FI","12","MR","F","quelle_balade_agréable_ils_ont_organisée"
"89",2,"qwfd","Oui","2171","987","0987","0987"," ","s&igrave;s","Oui","Oui","casque","5560",252,"FM","89","<div style=width: 40em;><audio autoplay controls preload=auto><source src=https://github.com/ltinsitu/EXPs_perception_contours_finaux/blob/master/Expe_perception_verif_methodo_3/Audio_files/XP_mbrola/226-XP_mbrola-is.it.question-whexclamative-clair-FI-FI-FI-9-SI-M-quelle_montagne_haute_ils_ont_creusée.mp3?raw=truetype=audio/mpeg></source></audio><br><br><br><!--226-XP_mbrola-is.it.question-whexclamative-clair-FI-FI-FI-9-SI-M-quelle_montagne_haute_ils_ont_creusée--><br>Est-ce que cette phrase vous donne limpression dêtre <br><strong>une question ?</strong></div>","Oui",26,"1593012484_b13677cfd339e4c8a8d6089670a8db22","226-XP_mbrola-is.it.question-whexclamative-clair-FI-FI-FI-9-SI-M-quelle_montagne_haute_ils_ont_creusée",2020-06-24 17:28:04,"226","XP_mbrola","is.it.question","whexclamative","clair","FI","FI","FI","9","SI","M","quelle_montagne_haute_ils_ont_creusée"
"91",2,"qwfd","Oui","2171","987","0987","0987"," ","s&igrave;s","Oui","Oui","casque","5560",227,"FM","64","<div style=width: 40em;><audio autoplay controls preload=auto><source src=https://github.com/ltinsitu/EXPs_perception_contours_finaux/blob/master/Expe_perception_verif_methodo_3/Audio_files/XP_mbrola/234-XP_mbrola-is.it.question-whexclamative-delex-FI-FI-FI-9-MT-F-quel_livre_ancien_marie_a_trouvé.mp3?raw=truetype=audio/mpeg></source></audio><br><br><br><!--234-XP_mbrola-is.it.question-whexclamative-delex-FI-FI-FI-9-MT-F-quel_livre_ancien_marie_a_trouvé--><br>Est-ce que cette phrase vous donne limpression dêtre <br><strong>une question ?</strong></div>","Oui",22,"1593012484_b13677cfd339e4c8a8d6089670a8db22","234-XP_mbrola-is.it.question-whexclamative-delex-FI-FI-FI-9-MT-F-quel_livre_ancien_marie_a_trouvé",2020-06-24 17:28:04,"234","XP_mbrola","is.it.question","whexclamative","delex","FI","FI","FI","9","MT","F","quel_livre_ancien_marie_a_trouvé"
"93",2,"qwfd","Oui","2171","987","0987","0987"," ","s&igrave;s","Oui","Oui","casque","5560",228,"FM","65","<div style=width: 40em;><audio autoplay controls preload=auto><source src=https://github.com/ltinsitu/EXPs_perception_contours_finaux/blob/master/Expe_perception_verif_methodo_3/Audio_files/XP_mbrola/201-XP_mbrola-is.it.decla-whexsitu-clair-FI-FI-FI-10-SI-M-quel_livre_parfait_marc_a_terminé.mp3?raw=truetype=audio/mpeg></source></audio><br><br><br><!--201-XP_mbrola-is.it.decla-whexsitu-clair-FI-FI-FI-10-SI-M-quel_livre_parfait_marc_a_terminé--><br>Est-ce que cette phrase vous donne limpression dêtre <br><strong>une exclamative ?</strong></div>","Oui",22,"1593012484_b13677cfd339e4c8a8d6089670a8db22","201-XP_mbrola-is.it.decla-whexsitu-clair-FI-FI-FI-10-SI-M-quel_livre_parfait_marc_a_terminé",2020-06-24 17:28:04,"201","XP_mbrola","is.it.decla","whexsitu","clair","FI","FI","FI","10","SI","M","quel_livre_parfait_marc_a_terminé"
"95",2,"qwfd","Oui","2171","987","0987","0987"," ","s&igrave;s","Oui","Oui","casque","5560",237,"FM","74","<div style=width: 40em;><audio autoplay controls preload=auto><source src=https://github.com/ltinsitu/EXPs_perception_contours_finaux/blob/master/Expe_perception_verif_methodo_3/Audio_files/XP_mbrola/219-XP_mbrola-is.it.decla-whexclamative-clair-FI-FI-FI-9-LU-M-quel_superbe_tableau_pierre_a_peint.mp3?raw=truetype=audio/mpeg></source></audio><br><br><br><!--219-XP_mbrola-is.it.decla-whexclamative-clair-FI-FI-FI-9-LU-M-quel_superbe_tableau_pierre_a_peint--><br>Est-ce que cette phrase vous donne limpression dêtre <br><strong>une exclamative ?</strong></div>","Oui",23,"1593012484_b13677cfd339e4c8a8d6089670a8db22","219-XP_mbrola-is.it.decla-whexclamative-clair-FI-FI-FI-9-LU-M-quel_superbe_tableau_pierre_a_peint",2020-06-24 17:28:04,"219","XP_mbrola","is.it.decla","whexclamative","clair","FI","FI","FI","9","LU","M","quel_superbe_tableau_pierre_a_peint"
"97",2,"qwfd","Oui","2171","987","0987","0987"," ","s&igrave;s","Oui","Oui","casque","5560",246,"FM","83","<div style=width: 40em;><audio autoplay controls preload=auto><source src=https://github.com/ltinsitu/EXPs_perception_contours_finaux/blob/master/Expe_perception_verif_methodo_3/Audio_files/XP_mbrola/206-XP_mbrola-is.it.question-whexsitu-delex-FI-FI-FI-11-LU-M-quelle_fin_étonnante_l_auteur_a_divulguée.mp3?raw=truetype=audio/mpeg></source></audio><br><br><br><!--206-XP_mbrola-is.it.question-whexsitu-delex-FI-FI-FI-11-LU-M-quelle_fin_étonnante_l_auteur_a_divulguée--><br>Est-ce que cette phrase vous donne limpression dêtre <br><strong>une question ?</strong></div>","Oui",24,"1593012484_b13677cfd339e4c8a8d6089670a8db22","206-XP_mbrola-is.it.question-whexsitu-delex-FI-FI-FI-11-LU-M-quelle_fin_étonnante_l_auteur_a_divulguée",2020-06-24 17:28:04,"206","XP_mbrola","is.it.question","whexsitu","delex","FI","FI","FI","11","LU","M","quelle_fin_étonnante_l_auteur_a_divulguée"
"99",2,"qwfd","Oui","2171","987","0987","0987"," ","s&igrave;s","Oui","Oui","casque","5560",219,"FM","56","<div style=width: 40em;><audio autoplay controls preload=auto><source src=https://github.com/ltinsitu/EXPs_perception_contours_finaux/blob/master/Expe_perception_verif_methodo_3/Audio_files/XP_mbrola/231-XP_mbrola-is.it.decla-whexclamative-delex-FI-FI-FI-10-MR-F-quel_époustouflant_spectacle_ils_ont_vu.mp3?raw=truetype=audio/mpeg></source></audio><br><br><br><!--231-XP_mbrola-is.it.decla-whexclamative-delex-FI-FI-FI-10-MR-F-quel_époustouflant_spectacle_ils_ont_vu--><br>Est-ce que cette phrase vous donne limpression dêtre <br><strong>une exclamative ?</strong></div>","Oui",23,"1593012484_b13677cfd339e4c8a8d6089670a8db22","231-XP_mbrola-is.it.decla-whexclamative-delex-FI-FI-FI-10-MR-F-quel_époustouflant_spectacle_ils_ont_vu",2020-06-24 17:28:04,"231","XP_mbrola","is.it.decla","whexclamative","delex","FI","FI","FI","10","MR","F","quel_époustouflant_spectacle_ils_ont_vu"
"101",2,"qwfd","Oui","2171","987","0987","0987"," ","s&igrave;s","Oui","Oui","casque","5560",218,"FM","55","<div style=width: 40em;><audio autoplay controls preload=auto><source src=https://github.com/ltinsitu/EXPs_perception_contours_finaux/blob/master/Expe_perception_verif_methodo_3/Audio_files/XP_mbrola/220-XP_mbrola-is.it.question-whexclamative-clair-FI-FI-FI-14-MR-F-quel_enthousiaste_musicien_a_enregistré_l_album.mp3?raw=truetype=audio/mpeg></source></audio><br><br><br><!--220-XP_mbrola-is.it.question-whexclamative-clair-FI-FI-FI-14-MR-F-quel_enthousiaste_musicien_a_enregistré_l_album--><br>Est-ce que cette phrase vous donne limpression dêtre <br><strong>une question ?</strong></div>","Oui",25,"1593012484_b13677cfd339e4c8a8d6089670a8db22","220-XP_mbrola-is.it.question-whexclamative-clair-FI-FI-FI-14-MR-F-quel_enthousiaste_musicien_a_enregistré_l_album",2020-06-24 17:28:04,"220","XP_mbrola","is.it.question","whexclamative","clair","FI","FI","FI","14","MR","F","quel_enthousiaste_musicien_a_enregistré_l_album"
"103",2,"qwfd","Oui","2171","987","0987","0987"," ","s&igrave;s","Oui","Oui","casque","5560",254,"FM","91","<div style=width: 40em;><audio autoplay controls preload=auto><source src=https://github.com/ltinsitu/EXPs_perception_contours_finaux/blob/master/Expe_perception_verif_methodo_3/Audio_files/XP_mbrola/214-XP_mbrola-is.it.question-whexsitu-delex-FI-FI-FI-9-SI-M-quelle_peinture_somptueuse_ils_ont_achetée.mp3?raw=truetype=audio/mpeg></source></audio><br><br><br><!--214-XP_mbrola-is.it.question-whexsitu-delex-FI-FI-FI-9-SI-M-quelle_peinture_somptueuse_ils_ont_achetée--><br>Est-ce que cette phrase vous donne limpression dêtre <br><strong>une question ?</strong></div>","Oui",24,"1593012484_b13677cfd339e4c8a8d6089670a8db22","214-XP_mbrola-is.it.question-whexsitu-delex-FI-FI-FI-9-SI-M-quelle_peinture_somptueuse_ils_ont_achetée",2020-06-24 17:28:04,"214","XP_mbrola","is.it.question","whexsitu","delex","FI","FI","FI","9","SI","M","quelle_peinture_somptueuse_ils_ont_achetée"
"105",2,"qwfd","Oui","2171","987","0987","0987"," ","s&igrave;s","Oui","Oui","casque","5560",222,"FM","59","<div style=width: 40em;><audio autoplay controls preload=auto><source src=https://github.com/ltinsitu/EXPs_perception_contours_finaux/blob/master/Expe_perception_verif_methodo_3/Audio_files/XP_mbrola/208-XP_mbrola-is.it.question-whexsitu-delex-FI-FI-FI-12-MR-F-quel_excellent_dessert_paul_a_apporté.mp3?raw=truetype=audio/mpeg></source></audio><br><br><br><!--208-XP_mbrola-is.it.question-whexsitu-delex-FI-FI-FI-12-MR-F-quel_excellent_dessert_paul_a_apporté--><br>Est-ce que cette phrase vous donne limpression dêtre <br><strong>une question ?</strong></div>","Oui",25,"1593012484_b13677cfd339e4c8a8d6089670a8db22","208-XP_mbrola-is.it.question-whexsitu-delex-FI-FI-FI-12-MR-F-quel_excellent_dessert_paul_a_apporté",2020-06-24 17:28:04,"208","XP_mbrola","is.it.question","whexsitu","delex","FI","FI","FI","12","MR","F","quel_excellent_dessert_paul_a_apporté"
"107",2,"qwfd","Oui","2171","987","0987","0987"," ","s&igrave;s","Oui","Oui","casque","5560",231,"FM","68","<div style=width: 40em;><audio autoplay controls preload=auto><source src=https://github.com/ltinsitu/EXPs_perception_contours_finaux/blob/master/Expe_perception_verif_methodo_3/Audio_files/XP_mbrola/195-XP_mbrola-is.it.decla-whexsitu-clair-FI-FI-FI-11-MR-F-quel_méchant_coupable_le_juge_a_condamné.mp3?raw=truetype=audio/mpeg></source></audio><br><br><br><!--195-XP_mbrola-is.it.decla-whexsitu-clair-FI-FI-FI-11-MR-F-quel_méchant_coupable_le_juge_a_condamné--><br>Est-ce que cette phrase vous donne limpression dêtre <br><strong>une exclamative ?</strong></div>","Oui",27,"1593012484_b13677cfd339e4c8a8d6089670a8db22","195-XP_mbrola-is.it.decla-whexsitu-clair-FI-FI-FI-11-MR-F-quel_méchant_coupable_le_juge_a_condamné",2020-06-24 17:28:04,"195","XP_mbrola","is.it.decla","whexsitu","clair","FI","FI","FI","11","MR","F","quel_méchant_coupable_le_juge_a_condamné"
"109",2,"qwfd","Oui","2171","987","0987","0987"," ","s&igrave;s","Oui","Oui","casque","5560",214,"FM","51","<div style=width: 40em;><audio autoplay controls preload=auto><source src=https://github.com/ltinsitu/EXPs_perception_contours_finaux/blob/master/Expe_perception_verif_methodo_3/Audio_files/XP_mbrola/200-XP_mbrola-is.it.question-whexsitu-clair-FI-FI-FI-11-SI-M-quel_chaton_mignon_charlotte_a_adopté.mp3?raw=truetype=audio/mpeg></source></audio><br><br><br><!--200-XP_mbrola-is.it.question-whexsitu-clair-FI-FI-FI-11-SI-M-quel_chaton_mignon_charlotte_a_adopté--><br>Est-ce que cette phrase vous donne limpression dêtre <br><strong>une question ?</strong></div>","Oui",23,"1593012484_b13677cfd339e4c8a8d6089670a8db22","200-XP_mbrola-is.it.question-whexsitu-clair-FI-FI-FI-11-SI-M-quel_chaton_mignon_charlotte_a_adopté",2020-06-24 17:28:04,"200","XP_mbrola","is.it.question","whexsitu","clair","FI","FI","FI","11","SI","M","quel_chaton_mignon_charlotte_a_adopté"
"111",2,"qwfd","Oui","2171","987","0987","0987"," ","s&igrave;s","Oui","Oui","casque","5560",249,"FM","86","<div style=width: 40em;><audio autoplay controls preload=auto><source src=https://github.com/ltinsitu/EXPs_perception_contours_finaux/blob/master/Expe_perception_verif_methodo_3/Audio_files/XP_mbrola/222-XP_mbrola-is.it.question-whexclamative-clair-FI-FI-FI-9-MR-F-quelle_maison_jolie_ils_ont_trouvée.mp3?raw=truetype=audio/mpeg></source></audio><br><br><br><!--222-XP_mbrola-is.it.question-whexclamative-clair-FI-FI-FI-9-MR-F-quelle_maison_jolie_ils_ont_trouvée--><br>Est-ce que cette phrase vous donne limpression dêtre <br><strong>une question ?</strong></div>","Oui",22,"1593012484_b13677cfd339e4c8a8d6089670a8db22","222-XP_mbrola-is.it.question-whexclamative-clair-FI-FI-FI-9-MR-F-quelle_maison_jolie_ils_ont_trouvée",2020-06-24 17:28:04,"222","XP_mbrola","is.it.question","whexclamative","clair","FI","FI","FI","9","MR","F","quelle_maison_jolie_ils_ont_trouvée"
"113",2,"qwfd","Oui","2171","987","0987","0987"," ","s&igrave;s","Oui","Oui","casque","5560",212,"FM","49","<div style=width: 40em;><audio autoplay controls preload=auto><source src=https://github.com/ltinsitu/EXPs_perception_contours_finaux/blob/master/Expe_perception_verif_methodo_3/Audio_files/XP_mbrola/211-XP_mbrola-is.it.decla-whexsitu-delex-FI-FI-FI-11-MT-F-quel_ancien_cinéma_la_ville_a_détruit.mp3?raw=truetype=audio/mpeg></source></audio><br><br><br><!--211-XP_mbrola-is.it.decla-whexsitu-delex-FI-FI-FI-11-MT-F-quel_ancien_cinéma_la_ville_a_détruit--><br>Est-ce que cette phrase vous donne limpression dêtre <br><strong>une exclamative ?</strong></div>","Oui",20,"1593012484_b13677cfd339e4c8a8d6089670a8db22","211-XP_mbrola-is.it.decla-whexsitu-delex-FI-FI-FI-11-MT-F-quel_ancien_cinéma_la_ville_a_détruit",2020-06-24 17:28:04,"211","XP_mbrola","is.it.decla","whexsitu","delex","FI","FI","FI","11","MT","F","quel_ancien_cinéma_la_ville_a_détruit"
"115",2,"qwfd","Oui","2171","987","0987","0987"," ","s&igrave;s","Oui","Oui","casque","5560",232,"FM","69","<div style=width: 40em;><audio autoplay controls preload=auto><source src=https://github.com/ltinsitu/EXPs_perception_contours_finaux/blob/master/Expe_perception_verif_methodo_3/Audio_files/XP_mbrola/204-XP_mbrola-is.it.question-whexsitu-clair-FI-FI-FI-8-MR-F-quel_merveilleux_homme_est_parti.mp3?raw=truetype=audio/mpeg></source></audio><br><br><br><!--204-XP_mbrola-is.it.question-whexsitu-clair-FI-FI-FI-8-MR-F-quel_merveilleux_homme_est_parti--><br>Est-ce que cette phrase vous donne limpression dêtre <br><strong>une question ?</strong></div>","Oui",23,"1593012484_b13677cfd339e4c8a8d6089670a8db22","204-XP_mbrola-is.it.question-whexsitu-clair-FI-FI-FI-8-MR-F-quel_merveilleux_homme_est_parti",2020-06-24 17:28:04,"204","XP_mbrola","is.it.question","whexsitu","clair","FI","FI","FI","8","MR","F","quel_merveilleux_homme_est_parti"
"117",2,"qwfd","Oui","2171","987","0987","0987"," ","s&igrave;s","Oui","Oui","casque","5560",250,"FM","87","<div style=width: 40em;><audio autoplay controls preload=auto><source src=https://github.com/ltinsitu/EXPs_perception_contours_finaux/blob/master/Expe_perception_verif_methodo_3/Audio_files/XP_mbrola/239-XP_mbrola-is.it.decla-whexclamative-delex-FI-FI-FI-10-MT-F-quelle_mignonne_sculpture_sophie_a_vendue.mp3?raw=truetype=audio/mpeg></source></audio><br><br><br><!--239-XP_mbrola-is.it.decla-whexclamative-delex-FI-FI-FI-10-MT-F-quelle_mignonne_sculpture_sophie_a_vendue--><br>Est-ce que cette phrase vous donne limpression dêtre <br><strong>une exclamative ?</strong></div>","Oui",28,"1593012484_b13677cfd339e4c8a8d6089670a8db22","239-XP_mbrola-is.it.decla-whexclamative-delex-FI-FI-FI-10-MT-F-quelle_mignonne_sculpture_sophie_a_vendue",2020-06-24 17:28:04,"239","XP_mbrola","is.it.decla","whexclamative","delex","FI","FI","FI","10","MT","F","quelle_mignonne_sculpture_sophie_a_vendue"
"119",2,"qwfd","Oui","2171","987","0987","0987"," ","s&igrave;s","Oui","Oui","casque","5560",242,"FM","79","<div style=width: 40em;><audio autoplay controls preload=auto><source src=https://github.com/ltinsitu/EXPs_perception_contours_finaux/blob/master/Expe_perception_verif_methodo_3/Audio_files/XP_mbrola/205-XP_mbrola-is.it.decla-whexsitu-delex-FI-FI-FI-13-LU-M-quelle_élève_enthousiaste_le_prof_a_félicitée.mp3?raw=truetype=audio/mpeg></source></audio><br><br><br><!--205-XP_mbrola-is.it.decla-whexsitu-delex-FI-FI-FI-13-LU-M-quelle_élève_enthousiaste_le_prof_a_félicitée--><br>Est-ce que cette phrase vous donne limpression dêtre <br><strong>une exclamative ?</strong></div>","Oui",26,"1593012484_b13677cfd339e4c8a8d6089670a8db22","205-XP_mbrola-is.it.decla-whexsitu-delex-FI-FI-FI-13-LU-M-quelle_élève_enthousiaste_le_prof_a_félicitée",2020-06-24 17:28:04,"205","XP_mbrola","is.it.decla","whexsitu","delex","FI","FI","FI","13","LU","M","quelle_élève_enthousiaste_le_prof_a_félicitée"
"121",2,"qwfd","Oui","2171","987","0987","0987"," ","s&igrave;s","Oui","Oui","casque","5560",221,"FM","58","<div style=width: 40em;><audio autoplay controls preload=auto><source src=https://github.com/ltinsitu/EXPs_perception_contours_finaux/blob/master/Expe_perception_verif_methodo_3/Audio_files/XP_mbrola/197-XP_mbrola-is.it.decla-whexsitu-clair-FI-FI-FI-14-MT-F-quel_étudiant_intelligent_a_écrit_ce_devoir.mp3?raw=truetype=audio/mpeg></source></audio><br><br><br><!--197-XP_mbrola-is.it.decla-whexsitu-clair-FI-FI-FI-14-MT-F-quel_étudiant_intelligent_a_écrit_ce_devoir--><br>Est-ce que cette phrase vous donne limpression dêtre <br><strong>une exclamative ?</strong></div>","Oui",22,"1593012484_b13677cfd339e4c8a8d6089670a8db22","197-XP_mbrola-is.it.decla-whexsitu-clair-FI-FI-FI-14-MT-F-quel_étudiant_intelligent_a_écrit_ce_devoir",2020-06-24 17:28:04,"197","XP_mbrola","is.it.decla","whexsitu","clair","FI","FI","FI","14","MT","F","quel_étudiant_intelligent_a_écrit_ce_devoir"
"123",2,"qwfd","Oui","2171","987","0987","0987"," ","s&igrave;s","Oui","Oui","casque","5560",243,"FM","80","<div style=width: 40em;><audio autoplay controls preload=auto><source src=https://github.com/ltinsitu/EXPs_perception_contours_finaux/blob/master/Expe_perception_verif_methodo_3/Audio_files/XP_mbrola/196-XP_mbrola-is.it.question-whexsitu-clair-FI-FI-FI-9-MR-F-quelle_fabuleuse_jupe_elle_a_achetée.mp3?raw=truetype=audio/mpeg></source></audio><br><br><br><!--196-XP_mbrola-is.it.question-whexsitu-clair-FI-FI-FI-9-MR-F-quelle_fabuleuse_jupe_elle_a_achetée--><br>Est-ce que cette phrase vous donne limpression dêtre <br><strong>une question ?</strong></div>","Oui",25,"1593012484_b13677cfd339e4c8a8d6089670a8db22","196-XP_mbrola-is.it.question-whexsitu-clair-FI-FI-FI-9-MR-F-quelle_fabuleuse_jupe_elle_a_achetée",2020-06-24 17:28:04,"196","XP_mbrola","is.it.question","whexsitu","clair","FI","FI","FI","9","MR","F","quelle_fabuleuse_jupe_elle_a_achetée"
"125",2,"qwfd","Oui","2171","987","0987","0987"," ","s&igrave;s","Oui","Oui","casque","5560",226,"FM","63","<div style=width: 40em;><audio autoplay controls preload=auto><source src=https://github.com/ltinsitu/EXPs_perception_contours_finaux/blob/master/Expe_perception_verif_methodo_3/Audio_files/XP_mbrola/229-XP_mbrola-is.it.decla-whexclamative-delex-FI-FI-FI-8-LU-M-quel_homme_grand_sophie_a_battu.mp3?raw=truetype=audio/mpeg></source></audio><br><br><br><!--229-XP_mbrola-is.it.decla-whexclamative-delex-FI-FI-FI-8-LU-M-quel_homme_grand_sophie_a_battu--><br>Est-ce que cette phrase vous donne limpression dêtre <br><strong>une exclamative ?</strong></div>","Oui",19,"1593012484_b13677cfd339e4c8a8d6089670a8db22","229-XP_mbrola-is.it.decla-whexclamative-delex-FI-FI-FI-8-LU-M-quel_homme_grand_sophie_a_battu",2020-06-24 17:28:04,"229","XP_mbrola","is.it.decla","whexclamative","delex","FI","FI","FI","8","LU","M","quel_homme_grand_sophie_a_battu"
"127",2,"qwfd","Oui","2171","987","0987","0987"," ","s&igrave;s","Oui","Oui","casque","5560",244,"FM","81","<div style=width: 40em;><audio autoplay controls preload=auto><source src=https://github.com/ltinsitu/EXPs_perception_contours_finaux/blob/master/Expe_perception_verif_methodo_3/Audio_files/XP_mbrola/215-XP_mbrola-is.it.decla-whexsitu-delex-FI-FI-FI-10-MT-F-quelle_femme_superbe_oscar_veut_embrasser.mp3?raw=truetype=audio/mpeg></source></audio><br><br><br><!--215-XP_mbrola-is.it.decla-whexsitu-delex-FI-FI-FI-10-MT-F-quelle_femme_superbe_oscar_veut_embrasser--><br>Est-ce que cette phrase vous donne limpression dêtre <br><strong>une exclamative ?</strong></div>","Oui",21,"1593012484_b13677cfd339e4c8a8d6089670a8db22","215-XP_mbrola-is.it.decla-whexsitu-delex-FI-FI-FI-10-MT-F-quelle_femme_superbe_oscar_veut_embrasser",2020-06-24 17:28:04,"215","XP_mbrola","is.it.decla","whexsitu","delex","FI","FI","FI","10","MT","F","quelle_femme_superbe_oscar_veut_embrasser"
"129",2,"qwfd","Oui","2171","987","0987","0987"," ","s&igrave;s","Oui","Oui","casque","5560",217,"FM","54","<div style=width: 40em;><audio autoplay controls preload=auto><source src=https://github.com/ltinsitu/EXPs_perception_contours_finaux/blob/master/Expe_perception_verif_methodo_3/Audio_files/XP_mbrola/236-XP_mbrola-is.it.question-whexclamative-delex-FI-FI-FI-11-SI-M-quel_énorme_bâtiment_il_a_construit.mp3?raw=truetype=audio/mpeg></source></audio><br><br><br><!--236-XP_mbrola-is.it.question-whexclamative-delex-FI-FI-FI-11-SI-M-quel_énorme_bâtiment_il_a_construit--><br>Est-ce que cette phrase vous donne limpression dêtre <br><strong>une question ?</strong></div>","Oui",30,"1593012484_b13677cfd339e4c8a8d6089670a8db22","236-XP_mbrola-is.it.question-whexclamative-delex-FI-FI-FI-11-SI-M-quel_énorme_bâtiment_il_a_construit",2020-06-24 17:28:04,"236","XP_mbrola","is.it.question","whexclamative","delex","FI","FI","FI","11","SI","M","quel_énorme_bâtiment_il_a_construit"
"131",2,"qwfd","Oui","2171","987","0987","0987"," ","s&igrave;s","Oui","Oui","casque","5560",230,"FM","67","<div style=width: 40em;><audio autoplay controls preload=auto><source src=https://github.com/ltinsitu/EXPs_perception_contours_finaux/blob/master/Expe_perception_verif_methodo_3/Audio_files/XP_mbrola/235-XP_mbrola-is.it.decla-whexclamative-delex-FI-FI-FI-8-MT-F-quel_mauvais_livre_jérôme_a_lu.mp3?raw=truetype=audio/mpeg></source></audio><br><br><br><!--235-XP_mbrola-is.it.decla-whexclamative-delex-FI-FI-FI-8-MT-F-quel_mauvais_livre_jérôme_a_lu--><br>Est-ce que cette phrase vous donne limpression dêtre <br><strong>une exclamative ?</strong></div>","Non",631,"1593012484_b13677cfd339e4c8a8d6089670a8db22","235-XP_mbrola-is.it.decla-whexclamative-delex-FI-FI-FI-8-MT-F-quel_mauvais_livre_jérôme_a_lu",2020-06-24 17:28:04,"235","XP_mbrola","is.it.decla","whexclamative","delex","FI","FI","FI","8","MT","F","quel_mauvais_livre_jérôme_a_lu"
"133",2,"qwfd","Oui","2171","987","0987","0987"," ","s&igrave;s","Oui","Oui","casque","5560",223,"FM","60","<div style=width: 40em;><audio autoplay controls preload=auto><source src=https://github.com/ltinsitu/EXPs_perception_contours_finaux/blob/master/Expe_perception_verif_methodo_3/Audio_files/XP_mbrola/225-XP_mbrola-is.it.decla-whexclamative-clair-FI-FI-FI-11-SI-M-quel_garçon_adorable_elle_a_rencontré.mp3?raw=truetype=audio/mpeg></source></audio><br><br><br><!--225-XP_mbrola-is.it.decla-whexclamative-clair-FI-FI-FI-11-SI-M-quel_garçon_adorable_elle_a_rencontré--><br>Est-ce que cette phrase vous donne limpression dêtre <br><strong>une exclamative ?</strong></div>","Non",20,"1593012484_b13677cfd339e4c8a8d6089670a8db22","225-XP_mbrola-is.it.decla-whexclamative-clair-FI-FI-FI-11-SI-M-quel_garçon_adorable_elle_a_rencontré",2020-06-24 17:28:04,"225","XP_mbrola","is.it.decla","whexclamative","clair","FI","FI","FI","11","SI","M","quel_garçon_adorable_elle_a_rencontré"
"135",2,"qwfd","Oui","2171","987","0987","0987"," ","s&igrave;s","Oui","Oui","casque","5560",216,"FM","53","<div style=width: 40em;><audio autoplay controls preload=auto><source src=https://github.com/ltinsitu/EXPs_perception_contours_finaux/blob/master/Expe_perception_verif_methodo_3/Audio_files/XP_mbrola/203-XP_mbrola-is.it.decla-whexsitu-clair-FI-FI-FI-9-LU-M-quel_curieux_jeu_le_croupier_adore.mp3?raw=truetype=audio/mpeg></source></audio><br><br><br><!--203-XP_mbrola-is.it.decla-whexsitu-clair-FI-FI-FI-9-LU-M-quel_curieux_jeu_le_croupier_adore--><br>Est-ce que cette phrase vous donne limpression dêtre <br><strong>une exclamative ?</strong></div>","Non",23,"1593012484_b13677cfd339e4c8a8d6089670a8db22","203-XP_mbrola-is.it.decla-whexsitu-clair-FI-FI-FI-9-LU-M-quel_curieux_jeu_le_croupier_adore",2020-06-24 17:28:04,"203","XP_mbrola","is.it.decla","whexsitu","clair","FI","FI","FI","9","LU","M","quel_curieux_jeu_le_croupier_adore"
"137",2,"qwfd","Oui","2171","987","0987","0987"," ","s&igrave;s","Oui","Oui","casque","5560",255,"FM","92","<div style=width: 40em;><audio autoplay controls preload=auto><source src=https://github.com/ltinsitu/EXPs_perception_contours_finaux/blob/master/Expe_perception_verif_methodo_3/Audio_files/XP_mbrola/228-XP_mbrola-is.it.question-whexclamative-clair-FI-FI-FI-11-MR-F-quelle_personne_fabuleuse_il_a_épousée.mp3?raw=truetype=audio/mpeg></source></audio><br><br><br><!--228-XP_mbrola-is.it.question-whexclamative-clair-FI-FI-FI-11-MR-F-quelle_personne_fabuleuse_il_a_épousée--><br>Est-ce que cette phrase vous donne limpression dêtre <br><strong>une question ?</strong></div>","Non",26,"1593012484_b13677cfd339e4c8a8d6089670a8db22","228-XP_mbrola-is.it.question-whexclamative-clair-FI-FI-FI-11-MR-F-quelle_personne_fabuleuse_il_a_épousée",2020-06-24 17:28:04,"228","XP_mbrola","is.it.question","whexclamative","clair","FI","FI","FI","11","MR","F","quelle_personne_fabuleuse_il_a_épousée"
"139",2,"qwfd","Oui","2171","987","0987","0987"," ","s&igrave;s","Oui","Oui","casque","5560",213,"FM","50","<div style=width: 40em;><audio autoplay controls preload=auto><source src=https://github.com/ltinsitu/EXPs_perception_contours_finaux/blob/master/Expe_perception_verif_methodo_3/Audio_files/XP_mbrola/233-XP_mbrola-is.it.decla-whexclamative-delex-FI-FI-FI-12-MT-F-quel_appétissant_repas_il_nous_a_préparé.mp3?raw=truetype=audio/mpeg></source></audio><br><br><br><!--233-XP_mbrola-is.it.decla-whexclamative-delex-FI-FI-FI-12-MT-F-quel_appétissant_repas_il_nous_a_préparé--><br>Est-ce que cette phrase vous donne limpression dêtre <br><strong>une exclamative ?</strong></div>","Non",27,"1593012484_b13677cfd339e4c8a8d6089670a8db22","233-XP_mbrola-is.it.decla-whexclamative-delex-FI-FI-FI-12-MT-F-quel_appétissant_repas_il_nous_a_préparé",2020-06-24 17:28:04,"233","XP_mbrola","is.it.decla","whexclamative","delex","FI","FI","FI","12","MT","F","quel_appétissant_repas_il_nous_a_préparé"
"141",2,"qwfd","Oui","2171","987","0987","0987"," ","s&igrave;s","Oui","Oui","casque","5560",245,"FM","82","<div style=width: 40em;><audio autoplay controls preload=auto><source src=https://github.com/ltinsitu/EXPs_perception_contours_finaux/blob/master/Expe_perception_verif_methodo_3/Audio_files/XP_mbrola/223-XP_mbrola-is.it.decla-whexclamative-clair-FI-FI-FI-7-MT-F-quelle_fin_curieuse_il_a_eu.mp3?raw=truetype=audio/mpeg></source></audio><br><br><br><!--223-XP_mbrola-is.it.decla-whexclamative-clair-FI-FI-FI-7-MT-F-quelle_fin_curieuse_il_a_eu--><br>Est-ce que cette phrase vous donne limpression dêtre <br><strong>une exclamative ?</strong></div>","Non",29,"1593012484_b13677cfd339e4c8a8d6089670a8db22","223-XP_mbrola-is.it.decla-whexclamative-clair-FI-FI-FI-7-MT-F-quelle_fin_curieuse_il_a_eu",2020-06-24 17:28:04,"223","XP_mbrola","is.it.decla","whexclamative","clair","FI","FI","FI","7","MT","F","quelle_fin_curieuse_il_a_eu"
"143",2,"qwfd","Oui","2171","987","0987","0987"," ","s&igrave;s","Oui","Oui","casque","5560",236,"FM","73","<div style=width: 40em;><audio autoplay controls preload=auto><source src=https://github.com/ltinsitu/EXPs_perception_contours_finaux/blob/master/Expe_perception_verif_methodo_3/Audio_files/XP_mbrola/230-XP_mbrola-is.it.question-whexclamative-delex-FI-FI-FI-11-LU-M-quel_somptueux_opéra_ils_ont_programmé.mp3?raw=truetype=audio/mpeg></source></audio><br><br><br><!--230-XP_mbrola-is.it.question-whexclamative-delex-FI-FI-FI-11-LU-M-quel_somptueux_opéra_ils_ont_programmé--><br>Est-ce que cette phrase vous donne limpression dêtre <br><strong>une question ?</strong></div>","Non",23,"1593012484_b13677cfd339e4c8a8d6089670a8db22","230-XP_mbrola-is.it.question-whexclamative-delex-FI-FI-FI-11-LU-M-quel_somptueux_opéra_ils_ont_programmé",2020-06-24 17:28:04,"230","XP_mbrola","is.it.question","whexclamative","delex","FI","FI","FI","11","LU","M","quel_somptueux_opéra_ils_ont_programmé"
"145",2,"qwfd","Oui","2171","987","0987","0987"," ","s&igrave;s","Oui","Oui","casque","5560",235,"FM","72","<div style=width: 40em;><audio autoplay controls preload=auto><source src=https://github.com/ltinsitu/EXPs_perception_contours_finaux/blob/master/Expe_perception_verif_methodo_3/Audio_files/XP_mbrola/238-XP_mbrola-is.it.question-whexclamative-delex-FI-FI-FI-11-SI-M-quel_professeur_charmant_ils_ont_décoré.mp3?raw=truetype=audio/mpeg></source></audio><br><br><br><!--238-XP_mbrola-is.it.question-whexclamative-delex-FI-FI-FI-11-SI-M-quel_professeur_charmant_ils_ont_décoré--><br>Est-ce que cette phrase vous donne limpression dêtre <br><strong>une question ?</strong></div>","Non",17,"1593012484_b13677cfd339e4c8a8d6089670a8db22","238-XP_mbrola-is.it.question-whexclamative-delex-FI-FI-FI-11-SI-M-quel_professeur_charmant_ils_ont_décoré",2020-06-24 17:28:04,"238","XP_mbrola","is.it.question","whexclamative","delex","FI","FI","FI","11","SI","M","quel_professeur_charmant_ils_ont_décoré"
"147",2,"qwfd","Oui","2171","987","0987","0987"," ","s&igrave;s","Oui","Oui","casque","5560",253,"FM","90","<div style=width: 40em;><audio autoplay controls preload=auto><source src=https://github.com/ltinsitu/EXPs_perception_contours_finaux/blob/master/Expe_perception_verif_methodo_3/Audio_files/XP_mbrola/224-XP_mbrola-is.it.question-whexclamative-clair-FI-FI-FI-15-MT-F-quelle_parfaite_introduction_le_doctorant_a_rédigée.mp3?raw=truetype=audio/mpeg></source></audio><br><br><br><!--224-XP_mbrola-is.it.question-whexclamative-clair-FI-FI-FI-15-MT-F-quelle_parfaite_introduction_le_doctorant_a_rédigée--><br>Est-ce que cette phrase vous donne limpression dêtre <br><strong>une question ?</strong></div>","Non",35,"1593012484_b13677cfd339e4c8a8d6089670a8db22","224-XP_mbrola-is.it.question-whexclamative-clair-FI-FI-FI-15-MT-F-quelle_parfaite_introduction_le_doctorant_a_rédigée",2020-06-24 17:28:04,"224","XP_mbrola","is.it.question","whexclamative","clair","FI","FI","FI","15","MT","F","quelle_parfaite_introduction_le_doctorant_a_rédigée"
"149",2,"qwfd","Oui","2171","987","0987","0987"," ","s&igrave;s","Oui","Oui","casque","5560",225,"FM","62","<div style=width: 40em;><audio autoplay controls preload=auto><source src=https://github.com/ltinsitu/EXPs_perception_contours_finaux/blob/master/Expe_perception_verif_methodo_3/Audio_files/XP_mbrola/218-XP_mbrola-is.it.question-whexclamative-clair-FI-FI-FI-13-LU-M-quel_grandiose_évènement_françoise_a_organisé.mp3?raw=truetype=audio/mpeg></source></audio><br><br><br><!--218-XP_mbrola-is.it.question-whexclamative-clair-FI-FI-FI-13-LU-M-quel_grandiose_évènement_françoise_a_organisé--><br>Est-ce que cette phrase vous donne limpression dêtre <br><strong>une question ?</strong></div>","Non",23,"1593012484_b13677cfd339e4c8a8d6089670a8db22","218-XP_mbrola-is.it.question-whexclamative-clair-FI-FI-FI-13-LU-M-quel_grandiose_évènement_françoise_a_organisé",2020-06-24 17:28:04,"218","XP_mbrola","is.it.question","whexclamative","clair","FI","FI","FI","13","LU","M","quel_grandiose_évènement_françoise_a_organisé"
"151",2,"qwfd","Oui","2171","987","0987","0987"," ","s&igrave;s","Oui","Oui","casque","5560",224,"FM","61","<div style=width: 40em;><audio autoplay controls preload=auto><source src=https://github.com/ltinsitu/EXPs_perception_contours_finaux/blob/master/Expe_perception_verif_methodo_3/Audio_files/XP_mbrola/198-XP_mbrola-is.it.question-whexsitu-clair-FI-FI-FI-11-MT-F-quel_gentil_garçon_a_envoyé_cette_lettre.mp3?raw=truetype=audio/mpeg></source></audio><br><br><br><!--198-XP_mbrola-is.it.question-whexsitu-clair-FI-FI-FI-11-MT-F-quel_gentil_garçon_a_envoyé_cette_lettre--><br>Est-ce que cette phrase vous donne limpression dêtre <br><strong>une question ?</strong></div>","Non",25,"1593012484_b13677cfd339e4c8a8d6089670a8db22","198-XP_mbrola-is.it.question-whexsitu-clair-FI-FI-FI-11-MT-F-quel_gentil_garçon_a_envoyé_cette_lettre",2020-06-24 17:28:04,"198","XP_mbrola","is.it.question","whexsitu","clair","FI","FI","FI","11","MT","F","quel_gentil_garçon_a_envoyé_cette_lettre"
"153",2,"qwfd","Oui","2171","987","0987","0987"," ","s&igrave;s","Oui","Oui","casque","5560",238,"FM","75","<div style=width: 40em;><audio autoplay controls preload=auto><source src=https://github.com/ltinsitu/EXPs_perception_contours_finaux/blob/master/Expe_perception_verif_methodo_3/Audio_files/XP_mbrola/193-XP_mbrola-is.it.decla-whexsitu-clair-FI-FI-FI-14-LU-M-quelle_avocate_grandiose_a_défendu_cet_accusé.mp3?raw=truetype=audio/mpeg></source></audio><br><br><br><!--193-XP_mbrola-is.it.decla-whexsitu-clair-FI-FI-FI-14-LU-M-quelle_avocate_grandiose_a_défendu_cet_accusé--><br>Est-ce que cette phrase vous donne limpression dêtre <br><strong>une exclamative ?</strong></div>","Non",23,"1593012484_b13677cfd339e4c8a8d6089670a8db22","193-XP_mbrola-is.it.decla-whexsitu-clair-FI-FI-FI-14-LU-M-quelle_avocate_grandiose_a_défendu_cet_accusé",2020-06-24 17:28:04,"193","XP_mbrola","is.it.decla","whexsitu","clair","FI","FI","FI","14","LU","M","quelle_avocate_grandiose_a_défendu_cet_accusé"
"155",2,"qwfd","Oui","2171","987","0987","0987"," ","s&igrave;s","Oui","Oui","casque","5560",241,"FM","78","<div style=width: 40em;><audio autoplay controls preload=auto><source src=https://github.com/ltinsitu/EXPs_perception_contours_finaux/blob/master/Expe_perception_verif_methodo_3/Audio_files/XP_mbrola/240-XP_mbrola-is.it.question-whexclamative-delex-FI-FI-FI-11-SI-M-quelle_église_merveilleuse_ils_ont_visitée.mp3?raw=truetype=audio/mpeg></source></audio><br><br><br><!--240-XP_mbrola-is.it.question-whexclamative-delex-FI-FI-FI-11-SI-M-quelle_église_merveilleuse_ils_ont_visitée--><br>Est-ce que cette phrase vous donne limpression dêtre <br><strong>une question ?</strong></div>","Non",25,"1593012484_b13677cfd339e4c8a8d6089670a8db22","240-XP_mbrola-is.it.question-whexclamative-delex-FI-FI-FI-11-SI-M-quelle_église_merveilleuse_ils_ont_visitée",2020-06-24 17:28:04,"240","XP_mbrola","is.it.question","whexclamative","delex","FI","FI","FI","11","SI","M","quelle_église_merveilleuse_ils_ont_visitée"
"157",2,"qwfd","Oui","2171","987","0987","0987"," ","s&igrave;s","Oui","Oui","casque","5560",247,"FM","84","<div style=width: 40em;><audio autoplay controls preload=auto><source src=https://github.com/ltinsitu/EXPs_perception_contours_finaux/blob/master/Expe_perception_verif_methodo_3/Audio_files/XP_mbrola/212-XP_mbrola-is.it.question-whexsitu-delex-FI-FI-FI-10-MT-F-quelle_grande_footballeuse_a_marqué_ce_but.mp3?raw=truetype=audio/mpeg></source></audio><br><br><br><!--212-XP_mbrola-is.it.question-whexsitu-delex-FI-FI-FI-10-MT-F-quelle_grande_footballeuse_a_marqué_ce_but--><br>Est-ce que cette phrase vous donne limpression dêtre <br><strong>une question ?</strong></div>","Non",26,"1593012484_b13677cfd339e4c8a8d6089670a8db22","212-XP_mbrola-is.it.question-whexsitu-delex-FI-FI-FI-10-MT-F-quelle_grande_footballeuse_a_marqué_ce_but",2020-06-24 17:28:04,"212","XP_mbrola","is.it.question","whexsitu","delex","FI","FI","FI","10","MT","F","quelle_grande_footballeuse_a_marqué_ce_but"
"159",2,"qwfd","Oui","2171","987","0987","0987"," ","s&igrave;s","Oui","Oui","casque","5560",229,"FM","66","<div style=width: 40em;><audio autoplay controls preload=auto><source src=https://github.com/ltinsitu/EXPs_perception_contours_finaux/blob/master/Expe_perception_verif_methodo_3/Audio_files/XP_mbrola/209-XP_mbrola-is.it.decla-whexsitu-delex-FI-FI-FI-12-MR-F-quel_magnifique_bal_pauline_a_organisé.mp3?raw=truetype=audio/mpeg></source></audio><br><br><br><!--209-XP_mbrola-is.it.decla-whexsitu-delex-FI-FI-FI-12-MR-F-quel_magnifique_bal_pauline_a_organisé--><br>Est-ce que cette phrase vous donne limpression dêtre <br><strong>une exclamative ?</strong></div>","Non",25,"1593012484_b13677cfd339e4c8a8d6089670a8db22","209-XP_mbrola-is.it.decla-whexsitu-delex-FI-FI-FI-12-MR-F-quel_magnifique_bal_pauline_a_organisé",2020-06-24 17:28:04,"209","XP_mbrola","is.it.decla","whexsitu","delex","FI","FI","FI","12","MR","F","quel_magnifique_bal_pauline_a_organisé"
"161",2,"qwfd","Oui","2171","987","0987","0987"," ","s&igrave;s","Oui","Oui","casque","5560",258,"FM","95","<div style=width: 40em;><audio autoplay controls preload=auto><source src=https://github.com/ltinsitu/EXPs_perception_contours_finaux/blob/master/Expe_perception_verif_methodo_3/Audio_files/XP_mbrola/202-XP_mbrola-is.it.question-whexsitu-clair-FI-FI-FI-11-SI-M-quelle_violente_tempête_a_détruit_la_maison.mp3?raw=truetype=audio/mpeg></source></audio><br><br><br><!--202-XP_mbrola-is.it.question-whexsitu-clair-FI-FI-FI-11-SI-M-quelle_violente_tempête_a_détruit_la_maison--><br>Est-ce que cette phrase vous donne limpression dêtre <br><strong>une question ?</strong></div>","Non",21,"1593012484_b13677cfd339e4c8a8d6089670a8db22","202-XP_mbrola-is.it.question-whexsitu-clair-FI-FI-FI-11-SI-M-quelle_violente_tempête_a_détruit_la_maison",2020-06-24 17:28:04,"202","XP_mbrola","is.it.question","whexsitu","clair","FI","FI","FI","11","SI","M","quelle_violente_tempête_a_détruit_la_maison"
"163",2,"qwfd","Oui","2171","987","0987","0987"," ","s&igrave;s","Oui","Oui","casque","5560",257,"FM","94","<div style=width: 40em;><audio autoplay controls preload=auto><source src=https://github.com/ltinsitu/EXPs_perception_contours_finaux/blob/master/Expe_perception_verif_methodo_3/Audio_files/XP_mbrola/227-XP_mbrola-is.it.decla-whexclamative-clair-FI-FI-FI-11-LU-M-quelle_utile_inspiration_il_m_a_donnée.mp3?raw=truetype=audio/mpeg></source></audio><br><br><br><!--227-XP_mbrola-is.it.decla-whexclamative-clair-FI-FI-FI-11-LU-M-quelle_utile_inspiration_il_m_a_donnée--><br>Est-ce que cette phrase vous donne limpression dêtre <br><strong>une exclamative ?</strong></div>","Non",21,"1593012484_b13677cfd339e4c8a8d6089670a8db22","227-XP_mbrola-is.it.decla-whexclamative-clair-FI-FI-FI-11-LU-M-quelle_utile_inspiration_il_m_a_donnée",2020-06-24 17:28:04,"227","XP_mbrola","is.it.decla","whexclamative","clair","FI","FI","FI","11","LU","M","quelle_utile_inspiration_il_m_a_donnée"
"165",2,"qwfd","Oui","2171","987","0987","0987"," ","s&igrave;s","Oui","Oui","casque","5560",233,"FM","70","<div style=width: 40em;><audio autoplay controls preload=auto><source src=https://github.com/ltinsitu/EXPs_perception_contours_finaux/blob/master/Expe_perception_verif_methodo_3/Audio_files/XP_mbrola/199-XP_mbrola-is.it.decla-whexsitu-clair-FI-FI-FI-12-MT-F-quel_objet_utile_l_artisan_a_fabriqué.mp3?raw=truetype=audio/mpeg></source></audio><br><br><br><!--199-XP_mbrola-is.it.decla-whexsitu-clair-FI-FI-FI-12-MT-F-quel_objet_utile_l_artisan_a_fabriqué--><br>Est-ce que cette phrase vous donne limpression dêtre <br><strong>une exclamative ?</strong></div>","Non",25,"1593012484_b13677cfd339e4c8a8d6089670a8db22","199-XP_mbrola-is.it.decla-whexsitu-clair-FI-FI-FI-12-MT-F-quel_objet_utile_l_artisan_a_fabriqué",2020-06-24 17:28:04,"199","XP_mbrola","is.it.decla","whexsitu","clair","FI","FI","FI","12","MT","F","quel_objet_utile_l_artisan_a_fabriqué"
"167",2,"qwfd","Oui","2171","987","0987","0987"," ","s&igrave;s","Oui","Oui","casque","5560",256,"FM","93","<div style=width: 40em;><audio autoplay controls preload=auto><source src=https://github.com/ltinsitu/EXPs_perception_contours_finaux/blob/master/Expe_perception_verif_methodo_3/Audio_files/XP_mbrola/207-XP_mbrola-is.it.decla-whexsitu-delex-FI-FI-FI-11-LU-M-quelle_tarte_appétissante_elle_a_cuisinée.mp3?raw=truetype=audio/mpeg></source></audio><br><br><br><!--207-XP_mbrola-is.it.decla-whexsitu-delex-FI-FI-FI-11-LU-M-quelle_tarte_appétissante_elle_a_cuisinée--><br>Est-ce que cette phrase vous donne limpression dêtre <br><strong>une exclamative ?</strong></div>","Non",23,"1593012484_b13677cfd339e4c8a8d6089670a8db22","207-XP_mbrola-is.it.decla-whexsitu-delex-FI-FI-FI-11-LU-M-quelle_tarte_appétissante_elle_a_cuisinée",2020-06-24 17:28:04,"207","XP_mbrola","is.it.decla","whexsitu","delex","FI","FI","FI","11","LU","M","quelle_tarte_appétissante_elle_a_cuisinée"
"169",2,"qwfd","Oui","2171","987","0987","0987"," ","s&igrave;s","Oui","Oui","casque","5560",215,"FM","52","<div style=width: 40em;><audio autoplay controls preload=auto><source src=https://github.com/ltinsitu/EXPs_perception_contours_finaux/blob/master/Expe_perception_verif_methodo_3/Audio_files/XP_mbrola/217-XP_mbrola-is.it.decla-whexclamative-clair-FI-FI-FI-10-LU-M-quel_chien_minuscule_il_a_caressé.mp3?raw=truetype=audio/mpeg></source></audio><br><br><br><!--217-XP_mbrola-is.it.decla-whexclamative-clair-FI-FI-FI-10-LU-M-quel_chien_minuscule_il_a_caressé--><br>Est-ce que cette phrase vous donne limpression dêtre <br><strong>une exclamative ?</strong></div>","Non",26,"1593012484_b13677cfd339e4c8a8d6089670a8db22","217-XP_mbrola-is.it.decla-whexclamative-clair-FI-FI-FI-10-LU-M-quel_chien_minuscule_il_a_caressé",2020-06-24 17:28:04,"217","XP_mbrola","is.it.decla","whexclamative","clair","FI","FI","FI","10","LU","M","quel_chien_minuscule_il_a_caressé"
"171",2,"qwfd","Oui","2171","987","0987","0987"," ","s&igrave;s","Oui","Oui","casque","5560",240,"FM","77","<div style=width: 40em;><audio autoplay controls preload=auto><source src=https://github.com/ltinsitu/EXPs_perception_contours_finaux/blob/master/Expe_perception_verif_methodo_3/Audio_files/XP_mbrola/194-XP_mbrola-is.it.question-whexsitu-clair-FI-FI-FI-13-LU-M-quelle_députée_mauvaise_a_gagné_les_élections.mp3?raw=truetype=audio/mpeg></source></audio><br><br><br><!--194-XP_mbrola-is.it.question-whexsitu-clair-FI-FI-FI-13-LU-M-quelle_députée_mauvaise_a_gagné_les_élections--><br>Est-ce que cette phrase vous donne limpression dêtre <br><strong>une question ?</strong></div>","Non",28,"1593012484_b13677cfd339e4c8a8d6089670a8db22","194-XP_mbrola-is.it.question-whexsitu-clair-FI-FI-FI-13-LU-M-quelle_députée_mauvaise_a_gagné_les_élections",2020-06-24 17:28:04,"194","XP_mbrola","is.it.question","whexsitu","clair","FI","FI","FI","13","LU","M","quelle_députée_mauvaise_a_gagné_les_élections"
"173",2,"qwfd","Oui","2171","987","0987","0987"," ","s&igrave;s","Oui","Oui","casque","5560",234,"FM","71","<div style=width: 40em;><audio autoplay controls preload=auto><source src=https://github.com/ltinsitu/EXPs_perception_contours_finaux/blob/master/Expe_perception_verif_methodo_3/Audio_files/XP_mbrola/237-XP_mbrola-is.it.decla-whexclamative-delex-FI-FI-FI-10-SI-M-quel_orage_violent_a_fait_peur_au_chien.mp3?raw=truetype=audio/mpeg></source></audio><br><br><br><!--237-XP_mbrola-is.it.decla-whexclamative-delex-FI-FI-FI-10-SI-M-quel_orage_violent_a_fait_peur_au_chien--><br>Est-ce que cette phrase vous donne limpression dêtre <br><strong>une exclamative ?</strong></div>","Non",22,"1593012484_b13677cfd339e4c8a8d6089670a8db22","237-XP_mbrola-is.it.decla-whexclamative-delex-FI-FI-FI-10-SI-M-quel_orage_violent_a_fait_peur_au_chien",2020-06-24 17:28:04,"237","XP_mbrola","is.it.decla","whexclamative","delex","FI","FI","FI","10","SI","M","quel_orage_violent_a_fait_peur_au_chien"
"175",2,"qwfd","Oui","2171","987","0987","0987"," ","s&igrave;s","Oui","Oui","casque","5560",220,"FM","57","<div style=width: 40em;><audio autoplay controls preload=auto><source src=https://github.com/ltinsitu/EXPs_perception_contours_finaux/blob/master/Expe_perception_verif_methodo_3/Audio_files/XP_mbrola/232-XP_mbrola-is.it.question-whexclamative-delex-FI-FI-FI-10-MR-F-quel_étonnant_programme_il_a_prévu.mp3?raw=truetype=audio/mpeg></source></audio><br><br><br><!--232-XP_mbrola-is.it.question-whexclamative-delex-FI-FI-FI-10-MR-F-quel_étonnant_programme_il_a_prévu--><br>Est-ce que cette phrase vous donne limpression dêtre <br><strong>une question ?</strong></div>","Non",20,"1593012484_b13677cfd339e4c8a8d6089670a8db22","232-XP_mbrola-is.it.question-whexclamative-delex-FI-FI-FI-10-MR-F-quel_étonnant_programme_il_a_prévu",2020-06-24 17:28:04,"232","XP_mbrola","is.it.question","whexclamative","delex","FI","FI","FI","10","MR","F","quel_étonnant_programme_il_a_prévu"
"177",2,"qwfd","Oui","2171","987","0987","0987"," ","s&igrave;s","Oui","Oui","casque","5560",251,"FM","88","<div style=width: 40em;><audio autoplay controls preload=auto><source src=https://github.com/ltinsitu/EXPs_perception_contours_finaux/blob/master/Expe_perception_verif_methodo_3/Audio_files/XP_mbrola/213-XP_mbrola-is.it.decla-whexsitu-delex-FI-FI-FI-10-SI-M-quelle_minuscule_statuette_le_sage_adore.mp3?raw=truetype=audio/mpeg></source></audio><br><br><br><!--213-XP_mbrola-is.it.decla-whexsitu-delex-FI-FI-FI-10-SI-M-quelle_minuscule_statuette_le_sage_adore--><br>Est-ce que cette phrase vous donne limpression dêtre <br><strong>une exclamative ?</strong></div>","Non",21,"1593012484_b13677cfd339e4c8a8d6089670a8db22","213-XP_mbrola-is.it.decla-whexsitu-delex-FI-FI-FI-10-SI-M-quelle_minuscule_statuette_le_sage_adore",2020-06-24 17:28:04,"213","XP_mbrola","is.it.decla","whexsitu","delex","FI","FI","FI","10","SI","M","quelle_minuscule_statuette_le_sage_adore"
"179",2,"qwfd","Oui","2171","987","0987","0987"," ","s&igrave;s","Oui","Oui","casque","5560",259,"FM","96","<div style=width: 40em;><audio autoplay controls preload=auto><source src=https://github.com/ltinsitu/EXPs_perception_contours_finaux/blob/master/Expe_perception_verif_methodo_3/Audio_files/XP_mbrola/210-XP_mbrola-is.it.question-whexsitu-delex-FI-FI-FI-8-MR-F-quelle_voiture_énorme_il_désire.mp3?raw=truetype=audio/mpeg></source></audio><br><br><br><!--210-XP_mbrola-is.it.question-whexsitu-delex-FI-FI-FI-8-MR-F-quelle_voiture_énorme_il_désire--><br>Est-ce que cette phrase vous donne limpression dêtre <br><strong>une question ?</strong></div>","Non",22,"1593012484_b13677cfd339e4c8a8d6089670a8db22","210-XP_mbrola-is.it.question-whexsitu-delex-FI-FI-FI-8-MR-F-quelle_voiture_énorme_il_désire",2020-06-24 17:28:04,"210","XP_mbrola","is.it.question","whexsitu","delex","FI","FI","FI","8","MR","F","quelle_voiture_énorme_il_désire"
"181",2,"qwfd","Oui","2171","987","0987","0987"," ","s&igrave;s","Oui","Oui","casque","5560",248,"FM","85","<div style=width: 40em;><audio autoplay controls preload=auto><source src=https://github.com/ltinsitu/EXPs_perception_contours_finaux/blob/master/Expe_perception_verif_methodo_3/Audio_files/XP_mbrola/216-XP_mbrola-is.it.question-whexsitu-delex-FI-FI-FI-9-SI-M-quelle_haute_tour_il_a_escaladé.mp3?raw=truetype=audio/mpeg></source></audio><br><br><br><!--216-XP_mbrola-is.it.question-whexsitu-delex-FI-FI-FI-9-SI-M-quelle_haute_tour_il_a_escaladé--><br>Est-ce que cette phrase vous donne limpression dêtre <br><strong>une question ?</strong></div>","Non",24,"1593012484_b13677cfd339e4c8a8d6089670a8db22","216-XP_mbrola-is.it.question-whexsitu-delex-FI-FI-FI-9-SI-M-quelle_haute_tour_il_a_escaladé",2020-06-24 17:28:04,"216","XP_mbrola","is.it.question","whexsitu","delex","FI","FI","FI","9","SI","M","quelle_haute_tour_il_a_escaladé"
