"","orig_filename","subj","commentexpe","expebienpassee","X_REACTION_TIME_.x","nom","email","age","langues.bilingue","accord","langue.maternelle","bilingue","son","X_REACTION_TIME_.y","presentation_order","type","item","question","answer","quest_rt","subj_uid","stimulus","date_ok","stim_number","XP_type","task_q_type","sentence_type","audio_type","item2","list","presence_eske","syll_num","spk_id","spk_sex","yntype","problempitch","v1start","v1end","v1dur","v1mid","pitchHzv1start","pitchHzv1end","pitchHzv1mid","pitchHzv1mean","pitchstv1start","pitchstv1end","pitchstv1mid","pitchstv1mean","v0start","v0end","v0dur","v0mid","pitchHzv0start","pitchHzv0end","pitchHzv0mid","pitchHzv0mean","pitchstv0start","pitchstv0end","pitchstv0mid","pitchstv0mean","diffmeanHz","diffmidHz","diffmeanst","diffmidst"
"1","WE2_A001_6885",1,"ewf","Oui","2515","test1","34","34"," ","s&igrave;s","Oui","Oui","casque","9561",300,"TD","117","<div style=width: 40em;><audio autoplay controls preload=auto><source src=https://github.com/ltinsitu/EXPs_perception_contours_finaux/blob/master/Expe_perception_verif_methodo_3/Audio_files/XP_delex/041-XP_delex-is.it.decla-yn-delex-21-A-NO-6-C-M-WE2_A001_6885.mp3?raw=truetype=audio/mpeg></source></audio><br><br><br><!--041-XP_delex-is.it.decla-yn-delex-21-A-NO-6-C-M-WE2_A001_6885--><br>Est-ce que cette phrase vous donne limpression dêtre <br><strong>une phrase affirmative ?</strong></div>","Oui",317,"1593079083_b13677cfd339e4c8a8d6089670a8db22","041-XP_delex-is.it.decla-yn-delex-21-A-NO-6-C-M-WE2_A001_6885",2020-06-25 11:58:03,"041","XP_delex","is.it.decla","yn","delex","21","A","NO","6","C","M","genuine","NO",0.486737843815762,0.587731303875685,0.100993460059924,0.537234573845723,211.603105830958,201.342757383721,218.291636278977,213.698277455432,12.9752539708793,12.114605589306,13.5149387916208,13.1412282072662,0.71,0.8,0.09,0.755,208.734340179525,"202.41744436702533",202.417444367025,203.50216384998,12.7400156006764,"12.208003524892051",12.2080035248921,12.2997211112037,-10.1961136054518,-15.874191911952,-0.84150709606258,-1.3069352667287
"2","WE2_A003_2972s210",1,"ewf","Oui","2515","test1","34","34"," ","s&igrave;s","Oui","Oui","casque","9561",260,"TD","97","<div style=width: 40em;><audio autoplay controls preload=auto><source src=https://github.com/ltinsitu/EXPs_perception_contours_finaux/blob/master/Expe_perception_verif_methodo_3/Audio_files/XP_delex/001-XP_delex-is.it.decla-decla-delex-1-A-NO-6-O-F-WE2_A003_2972s210.mp3?raw=truetype=audio/mpeg></source></audio><br><br><br><!--001-XP_delex-is.it.decla-decla-delex-1-A-NO-6-O-F-WE2_A003_2972s210--><br>Est-ce que cette phrase vous donne limpression dêtre <br><strong>une phrase affirmative ?</strong></div>","Oui",875,"1593079083_b13677cfd339e4c8a8d6089670a8db22","001-XP_delex-is.it.decla-decla-delex-1-A-NO-6-O-F-WE2_A003_2972s210",2020-06-25 11:58:03,"001","XP_delex","is.it.decla","decla","delex","1","A","NO","6","O","F",NA,NA,0.83,0.88,0.05,0.855,179.945018853421,177.823312079975,180.266664418709,179.713664837905,10.1706740023717,9.96507214726322,10.2014000694541,10.1480927299884,0.99,1.16,0.17,1.075,167.072561789544,"213.7763060155302",200.311627195436,193.635636114974,8.88569784061084,"13.153223522677777",12.0199954000766,11.3465930032339,13.921971277069,20.0449627767271,1.19850027324545,1.81859533062248
"3","WE2_A003_4686s24",1,"ewf","Oui","2515","test1","34","34"," ","s&igrave;s","Oui","Oui","casque","9561",263,"TD","98","<div style=width: 40em;><audio autoplay controls preload=auto><source src=https://github.com/ltinsitu/EXPs_perception_contours_finaux/blob/master/Expe_perception_verif_methodo_3/Audio_files/XP_delex/004-XP_delex-is.it.question-decla-delex-2-A-NO-10-O-F-WE2_A003_4686s24.mp3?raw=truetype=audio/mpeg></source></audio><br><br><br><!--004-XP_delex-is.it.question-decla-delex-2-A-NO-10-O-F-WE2_A003_4686s24--><br>Est-ce que cette phrase vous donne limpression dêtre <br><strong>une question ?</strong></div>","Oui",256,"1593079083_b13677cfd339e4c8a8d6089670a8db22","004-XP_delex-is.it.question-decla-delex-2-A-NO-10-O-F-WE2_A003_4686s24",2020-06-25 11:58:03,"004","XP_delex","is.it.question","decla","delex","2","A","NO","10","O","F",NA,NA,0.946342014348958,1.02634201434896,0.08,0.986342014348958,227.935341051745,184.422371224806,202.711552675864,205.311252265984,14.2621631049314,10.5909868338441,12.2265918147243,12.4163387509246,1.19634201434896,1.45524840493608,0.258906390587119,1.32579520964252,178.539068380491,"235.93690080439404",260.035630907606,227.605997974062,10.0345756802822,"14.860812904784556",16.5366746979451,14.0328043337973,22.2947457080777,57.324078231742,1.61646558287275,4.31008288322075
"4","WE2_A007_1392s98",1,"ewf","Oui","2515","test1","34","34"," ","s&igrave;s","Oui","Oui","casque","9561",264,"TD","99","<div style=width: 40em;><audio autoplay controls preload=auto><source src=https://github.com/ltinsitu/EXPs_perception_contours_finaux/blob/master/Expe_perception_verif_methodo_3/Audio_files/XP_delex/005-XP_delex-is.it.decla-decla-delex-3-A-NO-8-S-F-WE2_A007_1392s98.mp3?raw=truetype=audio/mpeg></source></audio><br><br><br><!--005-XP_delex-is.it.decla-decla-delex-3-A-NO-8-S-F-WE2_A007_1392s98--><br>Est-ce que cette phrase vous donne limpression dêtre <br><strong>une phrase affirmative ?</strong></div>","Oui",331,"1593079083_b13677cfd339e4c8a8d6089670a8db22","005-XP_delex-is.it.decla-decla-delex-3-A-NO-8-S-F-WE2_A007_1392s98",2020-06-25 11:58:03,"005","XP_delex","is.it.decla","decla","delex","3","A","NO","8","S","F",NA,NA,0.761363220857885,0.808145941146433,0.046782720288548,0.784754581002159,201.012114900633,180.47756176337,190.744838332001,190.744838332001,12.0833537833326,10.220155228474,11.1762308873337,11.1682439730645,1.05511427561765,1.12376047157576,0.0686461959581131,1.0894373735967,181.048044751854,"177.41036590732776",179.229205329591,179.229205329591,10.2764145924824,"9.92501747814742",10.1016606731869,10.101318753574,-11.5156330024101,-11.5156330024101,-1.06692521949054,-1.07457021414678
"5","WE2_A007_1541s511",1,"ewf","Oui","2515","test1","34","34"," ","s&igrave;s","Oui","Oui","casque","9561",267,"TD","100","<div style=width: 40em;><audio autoplay controls preload=auto><source src=https://github.com/ltinsitu/EXPs_perception_contours_finaux/blob/master/Expe_perception_verif_methodo_3/Audio_files/XP_delex/008-XP_delex-is.it.question-decla-delex-4-A-NO-8-S-F-WE2_A007_1541s511.mp3?raw=truetype=audio/mpeg></source></audio><br><br><br><!--008-XP_delex-is.it.question-decla-delex-4-A-NO-8-S-F-WE2_A007_1541s511--><br>Est-ce que cette phrase vous donne limpression dêtre <br><strong>une question ?</strong></div>","Oui",663,"1593079083_b13677cfd339e4c8a8d6089670a8db22","008-XP_delex-is.it.question-decla-delex-4-A-NO-8-S-F-WE2_A007_1541s511",2020-06-25 11:58:03,"008","XP_delex","is.it.question","decla","delex","4","A","NO","8","S","F",NA,NA,1.09,1.16,0.0700000000000001,1.125,209.962492890453,189.79908071742,193.163370017756,195.082631956664,12.841579583051,11.0934540362014,11.3976982313699,11.5603816817994,1.27,1.39,0.12,1.33,172.39767643905,"--undefined--",156.388437922503,158.81408012198,9.42888396047098,"--undefined--",7.74160626669483,7.98984809188997,-36.2685518346846,-36.7749320952526,-3.57053358990939,-3.65609196467504
"6","WE2_A007_2577s594",1,"ewf","Oui","2515","test1","34","34"," ","s&igrave;s","Oui","Oui","casque","9561",268,"TD","101","<div style=width: 40em;><audio autoplay controls preload=auto><source src=https://github.com/ltinsitu/EXPs_perception_contours_finaux/blob/master/Expe_perception_verif_methodo_3/Audio_files/XP_delex/009-XP_delex-is.it.decla-decla-delex-5-A-NO-12-S-F-WE2_A007_2577s594.mp3?raw=truetype=audio/mpeg></source></audio><br><br><br><!--009-XP_delex-is.it.decla-decla-delex-5-A-NO-12-S-F-WE2_A007_2577s594--><br>Est-ce que cette phrase vous donne limpression dêtre <br><strong>une phrase affirmative ?</strong></div>","Oui",366,"1593079083_b13677cfd339e4c8a8d6089670a8db22","009-XP_delex-is.it.decla-decla-delex-5-A-NO-12-S-F-WE2_A007_2577s594",2020-06-25 11:58:03,"009","XP_delex","is.it.decla","decla","delex","5","A","NO","12","S","F",NA,NA,1.33,1.43,0.0999999999999999,1.38,216.959683440937,212.915331642755,220.067218519595,218.586966154726,13.4091237431687,13.0833580722734,13.6552620262364,13.5376146456356,1.59284813857685,1.70864035593111,0.115792217354261,1.65074424725398,212.453253382502,"--undefined--",199.548045936436,201.607105681529,13.0441833863291,"--undefined--",11.9608337447874,12.1352529107384,-16.979860473197,-20.5191725831582,-1.40236173489727,-1.69442828144896
"7","WE2_A007_4520",1,"ewf","Oui","2515","test1","34","34"," ","s&igrave;s","Oui","Oui","casque","9561",303,"TD","118","<div style=width: 40em;><audio autoplay controls preload=auto><source src=https://github.com/ltinsitu/EXPs_perception_contours_finaux/blob/master/Expe_perception_verif_methodo_3/Audio_files/XP_delex/044-XP_delex-is.it.question-yn-delex-22-A-NO-7-F-F-WE2_A007_4520.mp3?raw=truetype=audio/mpeg></source></audio><br><br><br><!--044-XP_delex-is.it.question-yn-delex-22-A-NO-7-F-F-WE2_A007_4520--><br>Est-ce que cette phrase vous donne limpression dêtre <br><strong>une question ?</strong></div>","Non",401,"1593079083_b13677cfd339e4c8a8d6089670a8db22","044-XP_delex-is.it.question-yn-delex-22-A-NO-7-F-F-WE2_A007_4520",2020-06-25 11:58:03,"044","XP_delex","is.it.question","yn","delex","22","A","NO","7","F","F","genuine","NO",0.7,0.779437455699624,0.079437455699624,0.739718727849812,247.626348359116,235.892462646506,241.759405502811,241.759405502811,15.6976699539716,14.8572133529672,15.2825412502201,15.2809498790681,0.962522702184312,1.0778211683079,0.115298466123592,1.02017193524611,342.784126140162,"--undefined--",340.737590032036,341.044218473455,21.3275949312091,"--undefined--",21.2239239720309,21.2394503322933,99.2848129706439,98.9781845292254,5.95850045322522,5.94138272181087
"8","WE2_A007_917",1,"ewf","Oui","2515","test1","34","34"," ","s&igrave;s","Oui","Oui","casque","9561",304,"TD","119","<div style=width: 40em;><audio autoplay controls preload=auto><source src=https://github.com/ltinsitu/EXPs_perception_contours_finaux/blob/master/Expe_perception_verif_methodo_3/Audio_files/XP_delex/045-XP_delex-is.it.decla-yn-delex-23-A-NO-6-F-F-WE2_A007_917.mp3?raw=truetype=audio/mpeg></source></audio><br><br><br><!--045-XP_delex-is.it.decla-yn-delex-23-A-NO-6-F-F-WE2_A007_917--><br>Est-ce que cette phrase vous donne limpression dêtre <br><strong>une phrase affirmative ?</strong></div>","Oui",1233,"1593079083_b13677cfd339e4c8a8d6089670a8db22","045-XP_delex-is.it.decla-yn-delex-23-A-NO-6-F-F-WE2_A007_917",2020-06-25 11:58:03,"045","XP_delex","is.it.decla","yn","delex","23","A","NO","6","F","F","genuine","NO",0.364037142811092,0.459903138045668,0.095865995234576,0.41197014042838,168.542948349947,177.451551539657,172.997249944802,172.997249944802,9.03717429915528,9.92886491156346,9.48890103587565,9.48691256288385,0.610164211951921,0.700164211951922,0.0900000000000001,0.655164211951922,245.10837920649,"252.8340743888976",251.047313784381,250.985629829096,15.521037599502,"16.05499541748348",15.934359198158,15.927465043661,77.9883798842937,78.0500638395791,6.44055248077711,6.44545816228238
"9","WE2_A008_1238s554",1,"ewf","Oui","2515","test1","34","34"," ","s&igrave;s","Oui","Oui","casque","9561",271,"TD","102","<div style=width: 40em;><audio autoplay controls preload=auto><source src=https://github.com/ltinsitu/EXPs_perception_contours_finaux/blob/master/Expe_perception_verif_methodo_3/Audio_files/XP_delex/012-XP_delex-is.it.question-decla-delex-6-A-NO-6-N-F-WE2_A008_1238s554.mp3?raw=truetype=audio/mpeg></source></audio><br><br><br><!--012-XP_delex-is.it.question-decla-delex-6-A-NO-6-N-F-WE2_A008_1238s554--><br>Est-ce que cette phrase vous donne limpression dêtre <br><strong>une question ?</strong></div>","Non",692,"1593079083_b13677cfd339e4c8a8d6089670a8db22","012-XP_delex-is.it.question-decla-delex-6-A-NO-6-N-F-WE2_A008_1238s554",2020-06-25 11:58:03,"012","XP_delex","is.it.question","decla","delex","6","A","NO","6","N","F",NA,NA,0.57,0.64,0.0699999999999998,0.605,211.889035600883,208.443870542297,213.374754880387,212.458097220731,12.9997072322194,12.7155119588514,13.1203921678095,13.0450972845697,0.72,0.85114052226938,0.13114052226938,0.78557026113469,197.173277769522,"206.81174540095847",193.91425942227,197.340910860607,11.7531265655134,"12.579813544385537",11.4640795602338,11.7618766441644,-15.1171863601234,-19.4604954581165,-1.28322064040531,-1.6563126075757
"10","WE2_A008_3984s177",1,"ewf","Oui","2515","test1","34","34"," ","s&igrave;s","Oui","Oui","casque","9561",272,"TD","103","<div style=width: 40em;><audio autoplay controls preload=auto><source src=https://github.com/ltinsitu/EXPs_perception_contours_finaux/blob/master/Expe_perception_verif_methodo_3/Audio_files/XP_delex/013-XP_delex-is.it.decla-decla-delex-7-A-NO-9-N-F-WE2_A008_3984s177.mp3?raw=truetype=audio/mpeg></source></audio><br><br><br><!--013-XP_delex-is.it.decla-decla-delex-7-A-NO-9-N-F-WE2_A008_3984s177--><br>Est-ce que cette phrase vous donne limpression dêtre <br><strong>une phrase affirmative ?</strong></div>","Non",402,"1593079083_b13677cfd339e4c8a8d6089670a8db22","013-XP_delex-is.it.decla-decla-delex-7-A-NO-9-N-F-WE2_A008_3984s177",2020-06-25 11:58:03,"013","XP_delex","is.it.decla","decla","delex","7","A","NO","9","N","F",NA,NA,1.37,1.43,0.0600000000000001,1.4,213.995517614651,213.550858463901,213.773188039276,213.773188039276,13.1709669361803,13.134956370654,13.1529699760653,13.1529672018493,1.53327101675524,1.64,0.106728983244764,1.58663550837762,243.146139398385,"--undefined--",229.315696934966,231.379747114911,15.3813408421018,"--undefined--",14.3674086036727,14.5176103068144,17.6065590756351,15.5425088956897,1.36464310496517,1.21443862760736
"11","WE2_A014_147s558",1,"ewf","Oui","2515","test1","34","34"," ","s&igrave;s","Oui","Oui","casque","9561",275,"TD","104","<div style=width: 40em;><audio autoplay controls preload=auto><source src=https://github.com/ltinsitu/EXPs_perception_contours_finaux/blob/master/Expe_perception_verif_methodo_3/Audio_files/XP_delex/016-XP_delex-is.it.question-decla-delex-8-A-NO-10-M-F-WE2_A014_147s558.mp3?raw=truetype=audio/mpeg></source></audio><br><br><br><!--016-XP_delex-is.it.question-decla-delex-8-A-NO-10-M-F-WE2_A014_147s558--><br>Est-ce que cette phrase vous donne limpression dêtre <br><strong>une question ?</strong></div>","Oui",512,"1593079083_b13677cfd339e4c8a8d6089670a8db22","016-XP_delex-is.it.question-decla-delex-8-A-NO-10-M-F-WE2_A014_147s558",2020-06-25 11:58:03,"016","XP_delex","is.it.question","decla","delex","8","A","NO","10","M","F",NA,NA,1.30691548213802,1.34520270482781,0.0382872226897857,1.32605909348291,155.578189612576,142.184014778824,145.68736401664,147.027361810195,7.6488584904925,6.09285745814067,6.50718737036755,6.66126623711655,1.41520270482781,1.52125581000001,0.106053105172206,1.46822925741391,136.211571141645,"124.8323854492598",130.03783777327,130.089221405293,5.3497016138642,"3.839856646178342",4.54695586030081,4.54738655638134,-16.9381404049025,-15.6495262433693,-2.11387968073521,-1.96023151006674
"12","WE2_A018_3172",1,"ewf","Oui","2515","test1","34","34"," ","s&igrave;s","Oui","Oui","casque","9561",307,"TD","120","<div style=width: 40em;><audio autoplay controls preload=auto><source src=https://github.com/ltinsitu/EXPs_perception_contours_finaux/blob/master/Expe_perception_verif_methodo_3/Audio_files/XP_delex/048-XP_delex-is.it.question-yn-delex-24-A-NO-6-F-F-WE2_A018_3172.mp3?raw=truetype=audio/mpeg></source></audio><br><br><br><!--048-XP_delex-is.it.question-yn-delex-24-A-NO-6-F-F-WE2_A018_3172--><br>Est-ce que cette phrase vous donne limpression dêtre <br><strong>une question ?</strong></div>","Oui",346,"1593079083_b13677cfd339e4c8a8d6089670a8db22","048-XP_delex-is.it.question-yn-delex-24-A-NO-6-F-F-WE2_A018_3172",2020-06-25 11:58:03,"048","XP_delex","is.it.question","yn","delex","24","A","NO","6","F","F","genuine","NO",0.520146692383211,0.610146692383212,0.0900000000000001,0.565146692383211,179.557131611932,177.333772053743,184.519786368184,181.805071618555,10.1329889520632,9.91760609372156,10.6050780873203,10.3472658223541,0.710146692383211,0.840146692383211,0.13,0.775146692383211,217.492963820715,"--undefined--",267.27275175404,257.703915610303,13.4515495556118,"--undefined--",17.0178682872147,16.3211162877486,75.8988439917487,82.7529653858559,5.97385046539459,6.41279019989441
"13","WE2_A021_630s927",1,"ewf","Oui","2515","test1","34","34"," ","s&igrave;s","Oui","Oui","casque","9561",276,"TD","105","<div style=width: 40em;><audio autoplay controls preload=auto><source src=https://github.com/ltinsitu/EXPs_perception_contours_finaux/blob/master/Expe_perception_verif_methodo_3/Audio_files/XP_delex/017-XP_delex-is.it.decla-decla-delex-9-A-NO-9-L-F-WE2_A021_630s927.mp3?raw=truetype=audio/mpeg></source></audio><br><br><br><!--017-XP_delex-is.it.decla-decla-delex-9-A-NO-9-L-F-WE2_A021_630s927--><br>Est-ce que cette phrase vous donne limpression dêtre <br><strong>une phrase affirmative ?</strong></div>","Oui",286,"1593079083_b13677cfd339e4c8a8d6089670a8db22","017-XP_delex-is.it.decla-decla-delex-9-A-NO-9-L-F-WE2_A021_630s927",2020-06-25 11:58:03,"017","XP_delex","is.it.decla","decla","delex","9","A","NO","9","L","F",NA,NA,0.893022358678923,0.963022358678922,0.0699999999999998,0.928022358678923,190.377373836699,187.833718210652,189.105546023675,189.105546023675,11.1463281003366,10.9134433753038,11.0302887288132,11.030147309918,1.05043746713516,1.17302235867892,0.122584891543763,1.11172991290704,196.610053944852,"--undefined--",193.572619460609,194.389609010273,11.7037758308087,"--undefined--",11.4339350360027,11.5024308675818,5.2840629865984,4.4670734369343,0.472283557663836,0.403646307189559
"14","WE2_A021_6777",1,"ewf","Oui","2515","test1","34","34"," ","s&igrave;s","Oui","Oui","casque","9561",308,"TD","121","<div style=width: 40em;><audio autoplay controls preload=auto><source src=https://github.com/ltinsitu/EXPs_perception_contours_finaux/blob/master/Expe_perception_verif_methodo_3/Audio_files/XP_delex/049-XP_delex-is.it.decla-yn-delex-25-A-NO-6-E-M-WE2_A021_6777.mp3?raw=truetype=audio/mpeg></source></audio><br><br><br><!--049-XP_delex-is.it.decla-yn-delex-25-A-NO-6-E-M-WE2_A021_6777--><br>Est-ce que cette phrase vous donne limpression dêtre <br><strong>une phrase affirmative ?</strong></div>","Non",274,"1593079083_b13677cfd339e4c8a8d6089670a8db22","049-XP_delex-is.it.decla-yn-delex-25-A-NO-6-E-M-WE2_A021_6777",2020-06-25 11:58:03,"049","XP_delex","is.it.decla","yn","delex","25","A","NO","6","E","M","genuine","NO",0.48,0.603692042272553,0.123692042272553,0.541846021136277,132.697610642509,126.410711504928,129.554161073718,129.554161073718,4.89758172809697,4.05730397004546,4.48253567028041,4.4808751735458,0.73,0.89,0.16,0.81,137.628365096501,"--undefined--",167.414588670635,161.582932133203,5.52933406781314,"--undefined--",8.92110301463928,8.2435827068523,32.0287710594849,37.8604275969167,3.7627075333065,4.43856734435886
"15","WE2_A025_3273",1,"ewf","Oui","2515","test1","34","34"," ","s&igrave;s","Oui","Oui","casque","9561",311,"TD","122","<div style=width: 40em;><audio autoplay controls preload=auto><source src=https://github.com/ltinsitu/EXPs_perception_contours_finaux/blob/master/Expe_perception_verif_methodo_3/Audio_files/XP_delex/052-XP_delex-is.it.question-yn-delex-26-A-NO-11-H-F-WE2_A025_3273.mp3?raw=truetype=audio/mpeg></source></audio><br><br><br><!--052-XP_delex-is.it.question-yn-delex-26-A-NO-11-H-F-WE2_A025_3273--><br>Est-ce que cette phrase vous donne limpression dêtre <br><strong>une question ?</strong></div>","Non",299,"1593079083_b13677cfd339e4c8a8d6089670a8db22","052-XP_delex-is.it.question-yn-delex-26-A-NO-11-H-F-WE2_A025_3273",2020-06-25 11:58:03,"052","XP_delex","is.it.question","yn","delex","26","A","NO","11","H","F","genuine","NO",1.24706305135247,1.33283144367109,0.0857683923186143,1.28994724751178,278.889491549505,309.870402145777,294.230721311118,294.235831209134,17.7559334383563,19.579403107346,18.6833604468169,18.6746864754364,1.37865137579617,1.47958793386677,0.100936558070599,1.42911965483147,358.227654945022,"--undefined--",406.419353775168,398.784375627274,22.0649419998187,"--undefined--",24.2752379893781,23.9338938816188,104.548544418141,112.18863246405,5.25920740618235,5.59187754256121
"16","WE2_A025_8981",1,"ewf","Oui","2515","test1","34","34"," ","s&igrave;s","Oui","Oui","casque","9561",312,"TD","123","<div style=width: 40em;><audio autoplay controls preload=auto><source src=https://github.com/ltinsitu/EXPs_perception_contours_finaux/blob/master/Expe_perception_verif_methodo_3/Audio_files/XP_delex/053-XP_delex-is.it.decla-yn-delex-27-A-NO-8-H-F-WE2_A025_8981.mp3?raw=truetype=audio/mpeg></source></audio><br><br><br><!--053-XP_delex-is.it.decla-yn-delex-27-A-NO-8-H-F-WE2_A025_8981--><br>Est-ce que cette phrase vous donne limpression dêtre <br><strong>une phrase affirmative ?</strong></div>","Non",165,"1593079083_b13677cfd339e4c8a8d6089670a8db22","053-XP_delex-is.it.decla-yn-delex-27-A-NO-8-H-F-WE2_A025_8981",2020-06-25 11:58:03,"053","XP_delex","is.it.decla","yn","delex","27","A","NO","8","H","F","genuine","NO",0.615920323468874,0.656368204115002,0.0404478806461284,0.636144263791938,191.992876016191,213.069849858593,201.774846492947,201.893954121273,11.2881145262899,13.087441023416,12.1487719167283,12.1521589833804,0.696368204115002,0.795818971500861,0.0994507673858589,0.746093587807931,264.535151395253,"--undefined--",362.042298942127,342.055110169113,16.8075653337794,"--undefined--",22.2318992414418,21.1492982993612,140.16115604784,160.26745244918,8.99713931598082,10.0831273247135
"17","WE2_A063_1111s566",1,"ewf","Oui","2515","test1","34","34"," ","s&igrave;s","Oui","Oui","casque","9561",279,"TD","106","<div style=width: 40em;><audio autoplay controls preload=auto><source src=https://github.com/ltinsitu/EXPs_perception_contours_finaux/blob/master/Expe_perception_verif_methodo_3/Audio_files/XP_delex/020-XP_delex-is.it.question-decla-delex-10-A-NO-5-B-F-WE2_A063_1111s566.mp3?raw=truetype=audio/mpeg></source></audio><br><br><br><!--020-XP_delex-is.it.question-decla-delex-10-A-NO-5-B-F-WE2_A063_1111s566--><br>Est-ce que cette phrase vous donne limpression dêtre <br><strong>une question ?</strong></div>","Oui",365,"1593079083_b13677cfd339e4c8a8d6089670a8db22","020-XP_delex-is.it.question-decla-delex-10-A-NO-5-B-F-WE2_A063_1111s566",2020-06-25 11:58:03,"020","XP_delex","is.it.question","decla","delex","10","A","NO","5","B","F",NA,NA,0.516439579439734,0.600641911448496,0.0842023320087619,0.558540745444115,212.626247038179,250.35072543524,231.48848623671,231.48848623671,13.0565129350506,15.8846421644056,14.5281232398365,14.5098590487753,0.679903330714623,0.776433078388941,0.0965297476743179,0.728168204551782,258.419382430637,"249.3453340149509",243.938184054997,248.938698717943,16.4354043663393,"15.81773963583719",15.4377571656132,15.7867883419803,17.4502124812335,12.4496978182874,1.27692929320499,0.909633925776687
"18","WE2_A063_537s475",1,"ewf","Oui","2515","test1","34","34"," ","s&igrave;s","Oui","Oui","casque","9561",280,"TD","107","<div style=width: 40em;><audio autoplay controls preload=auto><source src=https://github.com/ltinsitu/EXPs_perception_contours_finaux/blob/master/Expe_perception_verif_methodo_3/Audio_files/XP_delex/021-XP_delex-is.it.decla-decla-delex-11-A-NO-8-B-F-WE2_A063_537s475.mp3?raw=truetype=audio/mpeg></source></audio><br><br><br><!--021-XP_delex-is.it.decla-decla-delex-11-A-NO-8-B-F-WE2_A063_537s475--><br>Est-ce que cette phrase vous donne limpression dêtre <br><strong>une phrase affirmative ?</strong></div>","Non",719,"1593079083_b13677cfd339e4c8a8d6089670a8db22","021-XP_delex-is.it.decla-decla-delex-11-A-NO-8-B-F-WE2_A063_537s475",2020-06-25 11:58:03,"021","XP_delex","is.it.decla","decla","delex","11","A","NO","8","B","F",NA,NA,0.85,0.93,0.0800000000000001,0.89,170.183427079106,160.614467046763,167.901967648479,167.081386361529,9.20508660398496,8.20322216108296,8.9714296483549,8.88286539977483,0.959009176093999,1.03737837014653,0.0783691940525297,0.998193773120264,127.300410612381,"--undefined--",128.571276935621,128.341362061663,4.17876403768003,"--undefined--",4.35081790210012,4.31972088944604,-38.7400242998658,-39.3306907128576,-4.56314451032879,-4.62061174625477
"19","WE2_A063_783s321",1,"ewf","Oui","2515","test1","34","34"," ","s&igrave;s","Oui","Oui","casque","9561",283,"TD","108","<div style=width: 40em;><audio autoplay controls preload=auto><source src=https://github.com/ltinsitu/EXPs_perception_contours_finaux/blob/master/Expe_perception_verif_methodo_3/Audio_files/XP_delex/024-XP_delex-is.it.question-decla-delex-12-A-NO-6-B-F-WE2_A063_783s321.mp3?raw=truetype=audio/mpeg></source></audio><br><br><br><!--024-XP_delex-is.it.question-decla-delex-12-A-NO-6-B-F-WE2_A063_783s321--><br>Est-ce que cette phrase vous donne limpression dêtre <br><strong>une question ?</strong></div>","Oui",811,"1593079083_b13677cfd339e4c8a8d6089670a8db22","024-XP_delex-is.it.question-decla-delex-12-A-NO-6-B-F-WE2_A063_783s321",2020-06-25 11:58:03,"024","XP_delex","is.it.question","decla","delex","12","A","NO","6","B","F",NA,NA,0.56,0.69,0.13,0.625,157.997446389741,153.054900323236,152.619893178742,153.27951095905,7.91876692448725,7.36859083244144,7.31923300706518,7.39207084366353,0.913179198911392,1.01594173764761,0.102762538736216,0.964560468279501,153.054900323236,"--undefined--",153.054900323236,153.054900323236,7.36859083244144,"--undefined--",7.36859083244144,7.36859083244144,-0.224610635813463,0.435007144494534,-0.0234800112220857,0.0493578253762639
"20","WE2_A065_1669s441",1,"ewf","Oui","2515","test1","34","34"," ","s&igrave;s","Oui","Oui","casque","9561",284,"TD","109","<div style=width: 40em;><audio autoplay controls preload=auto><source src=https://github.com/ltinsitu/EXPs_perception_contours_finaux/blob/master/Expe_perception_verif_methodo_3/Audio_files/XP_delex/025-XP_delex-is.it.decla-decla-delex-13-A-NO-5-A-F-WE2_A065_1669s441.mp3?raw=truetype=audio/mpeg></source></audio><br><br><br><!--025-XP_delex-is.it.decla-decla-delex-13-A-NO-5-A-F-WE2_A065_1669s441--><br>Est-ce que cette phrase vous donne limpression dêtre <br><strong>une phrase affirmative ?</strong></div>","Non",263,"1593079083_b13677cfd339e4c8a8d6089670a8db22","025-XP_delex-is.it.decla-decla-delex-13-A-NO-5-A-F-WE2_A065_1669s441",2020-06-25 11:58:03,"025","XP_delex","is.it.decla","decla","delex","13","A","NO","5","A","F",NA,NA,0.337849927363695,0.407849927363695,0.0699999999999998,0.372849927363695,214.646313544947,209.622260663794,207.572010527918,208.999567138279,13.21964399214,12.8134771508583,12.6433094424922,12.7609555357757,0.577849927363695,0.687849927363695,0.11,0.632849927363695,217.035128787327,"--undefined--",214.594670839408,215.261748874665,13.4139011594688,"--undefined--",13.2182661362771,13.2681662712438,6.26218173638506,7.02266031149085,0.50721073546808,0.574956693784818
"21","WE2_A065_2122s982",1,"ewf","Oui","2515","test1","34","34"," ","s&igrave;s","Oui","Oui","casque","9561",287,"TD","110","<div style=width: 40em;><audio autoplay controls preload=auto><source src=https://github.com/ltinsitu/EXPs_perception_contours_finaux/blob/master/Expe_perception_verif_methodo_3/Audio_files/XP_delex/028-XP_delex-is.it.question-decla-delex-14-A-NO-6-A-F-WE2_A065_2122s982.mp3?raw=truetype=audio/mpeg></source></audio><br><br><br><!--028-XP_delex-is.it.question-decla-delex-14-A-NO-6-A-F-WE2_A065_2122s982--><br>Est-ce que cette phrase vous donne limpression dêtre <br><strong>une question ?</strong></div>","Oui",253,"1593079083_b13677cfd339e4c8a8d6089670a8db22","028-XP_delex-is.it.question-decla-delex-14-A-NO-6-A-F-WE2_A065_2122s982",2020-06-25 11:58:03,"028","XP_delex","is.it.question","decla","delex","14","A","NO","6","A","F",NA,NA,0.986999302192108,1.02037079331465,0.0333714911225429,1.00368504775338,236.030842555019,216.217098251113,227.793148763312,227.543665438327,14.8674665747523,13.3400156267148,14.2468687631066,14.2225607899201,1.09699930219211,1.17960366084632,0.0826043586542107,1.13830148151921,197.533529367548,"185.24621271040806",190.329104487874,190.452430210147,11.7845542752843,"10.673274174657697",11.1412467078686,11.1489610396398,-37.0912352281795,-37.4640442754376,-3.07359975028025,-3.10562205523795
"22","WE2_A072_1316s637",1,"ewf","Oui","2515","test1","34","34"," ","s&igrave;s","Oui","Oui","casque","9561",288,"TD","111","<div style=width: 40em;><audio autoplay controls preload=auto><source src=https://github.com/ltinsitu/EXPs_perception_contours_finaux/blob/master/Expe_perception_verif_methodo_3/Audio_files/XP_delex/029-XP_delex-is.it.decla-decla-delex-15-A-NO-9-I-M-WE2_A072_1316s637.mp3?raw=truetype=audio/mpeg></source></audio><br><br><br><!--029-XP_delex-is.it.decla-decla-delex-15-A-NO-9-I-M-WE2_A072_1316s637--><br>Est-ce que cette phrase vous donne limpression dêtre <br><strong>une phrase affirmative ?</strong></div>","Oui",316,"1593079083_b13677cfd339e4c8a8d6089670a8db22","029-XP_delex-is.it.decla-decla-delex-15-A-NO-9-I-M-WE2_A072_1316s637",2020-06-25 11:58:03,"029","XP_delex","is.it.decla","decla","delex","15","A","NO","9","I","M",NA,NA,1.11833924818425,1.17833924818425,0.0600000000000001,1.14833924818425,98.2583542120953,99.6044795969874,98.9314169045413,98.9314169045413,-0.30422010408889,-0.0686522959317999,-0.186005857014903,-0.186155507553858,1.26833924818425,1.32833924818425,0.0600000000000001,1.29833924818425,96.416827905218,"91.38072802099336",92.7246280157043,93.0900082259921,-0.632161959666753,"-1.5604579018815181",-1.30901030496381,-1.24300415285752,-5.8414086785492,-6.20678888883704,-1.05684864530367,-1.12300444794891
"23","WE2_A072_1713s52",1,"ewf","Oui","2515","test1","34","34"," ","s&igrave;s","Oui","Oui","casque","9561",291,"TD","112","<div style=width: 40em;><audio autoplay controls preload=auto><source src=https://github.com/ltinsitu/EXPs_perception_contours_finaux/blob/master/Expe_perception_verif_methodo_3/Audio_files/XP_delex/032-XP_delex-is.it.question-decla-delex-16-A-NO-12-J-F-WE2_A072_1713s52.mp3?raw=truetype=audio/mpeg></source></audio><br><br><br><!--032-XP_delex-is.it.question-decla-delex-16-A-NO-12-J-F-WE2_A072_1713s52--><br>Est-ce que cette phrase vous donne limpression dêtre <br><strong>une question ?</strong></div>","Non",167,"1593079083_b13677cfd339e4c8a8d6089670a8db22","032-XP_delex-is.it.question-decla-delex-16-A-NO-12-J-F-WE2_A072_1713s52",2020-06-25 11:58:03,"032","XP_delex","is.it.question","decla","delex","16","A","NO","12","J","F",NA,NA,1.43437710800753,1.5401869293123,0.105809821304766,1.48728201865991,180.621858152228,184.01587234642,180.025895659641,180.871996238884,10.2356676090007,10.557631290058,10.1784517444701,10.2592671566631,1.64754299994335,1.7267160368892,0.0791730369458417,1.68712951841628,196.237692377222,"183.40717591491466",184.296041613312,186.416980884472,11.6710997786813,"10.500601036072272",10.5840590414103,10.7773805610977,5.54498464558816,4.27014595367021,0.518113404434573,0.405607296940188
"24","WE2_A072_2939s309",1,"ewf","Oui","2515","test1","34","34"," ","s&igrave;s","Oui","Oui","casque","9561",292,"TD","113","<div style=width: 40em;><audio autoplay controls preload=auto><source src=https://github.com/ltinsitu/EXPs_perception_contours_finaux/blob/master/Expe_perception_verif_methodo_3/Audio_files/XP_delex/033-XP_delex-is.it.decla-decla-delex-17-A-NO-10-J-F-WE2_A072_2939s309.mp3?raw=truetype=audio/mpeg></source></audio><br><br><br><!--033-XP_delex-is.it.decla-decla-delex-17-A-NO-10-J-F-WE2_A072_2939s309--><br>Est-ce que cette phrase vous donne limpression dêtre <br><strong>une phrase affirmative ?</strong></div>","Oui",273,"1593079083_b13677cfd339e4c8a8d6089670a8db22","033-XP_delex-is.it.decla-decla-delex-17-A-NO-10-J-F-WE2_A072_2939s309",2020-06-25 11:58:03,"033","XP_delex","is.it.decla","decla","delex","17","A","NO","10","J","F",NA,NA,0.937592466175354,0.987592466175354,0.05,0.962592466175354,190.129036493421,182.842440833897,186.64189749244,186.603146573438,11.1233830109253,10.4469606078154,10.8027406703884,10.7981689565093,1.10720450182135,1.17759246617535,0.0703879643539997,1.14239848399835,180.687522626961,"176.71753351313444",178.709484325651,178.70920805399,10.241928723405,"9.857258520634044",10.0513126745472,10.0509540373738,-7.89393851944831,-7.93241316678925,-0.747214919135519,-0.751427995841194
"25","WE2_A072_3156s621",1,"ewf","Oui","2515","test1","34","34"," ","s&igrave;s","Oui","Oui","casque","9561",295,"TD","114","<div style=width: 40em;><audio autoplay controls preload=auto><source src=https://github.com/ltinsitu/EXPs_perception_contours_finaux/blob/master/Expe_perception_verif_methodo_3/Audio_files/XP_delex/036-XP_delex-is.it.question-decla-delex-18-A-NO-13-I-M-WE2_A072_3156s621.mp3?raw=truetype=audio/mpeg></source></audio><br><br><br><!--036-XP_delex-is.it.question-decla-delex-18-A-NO-13-I-M-WE2_A072_3156s621--><br>Est-ce que cette phrase vous donne limpression dêtre <br><strong>une question ?</strong></div>","Oui",463,"1593079083_b13677cfd339e4c8a8d6089670a8db22","036-XP_delex-is.it.question-decla-delex-18-A-NO-13-I-M-WE2_A072_3156s621",2020-06-25 11:58:03,"036","XP_delex","is.it.question","decla","delex","18","A","NO","13","I","M",NA,NA,2.21081675067211,2.26547423985746,0.0546574891853537,2.23814549526479,116.299385076184,108.452469283024,112.375927179604,112.375927179604,2.61391177203068,1.40370260591652,2.01862759295179,2.01548690968154,2.31483462007507,2.38401050438347,0.0691758843084034,2.34942256222927,101.366034233429,"96.249215191324",97.2451516178919,97.9235022252083,0.233606044420782,"-0.6618993837204556",-0.483722761848161,-0.365704987430253,-14.4524249543956,-15.1307755617119,-2.38119189711179,-2.50235035479995
"26","WE2_A072_397s594",1,"ewf","Oui","2515","test1","34","34"," ","s&igrave;s","Oui","Oui","casque","9561",296,"TD","115","<div style=width: 40em;><audio autoplay controls preload=auto><source src=https://github.com/ltinsitu/EXPs_perception_contours_finaux/blob/master/Expe_perception_verif_methodo_3/Audio_files/XP_delex/037-XP_delex-is.it.decla-decla-delex-19-A-NO-9-I-M-WE2_A072_397s594.mp3?raw=truetype=audio/mpeg></source></audio><br><br><br><!--037-XP_delex-is.it.decla-decla-delex-19-A-NO-9-I-M-WE2_A072_397s594--><br>Est-ce que cette phrase vous donne limpression dêtre <br><strong>une phrase affirmative ?</strong></div>","Oui",387,"1593079083_b13677cfd339e4c8a8d6089670a8db22","037-XP_delex-is.it.decla-decla-delex-19-A-NO-9-I-M-WE2_A072_397s594",2020-06-25 11:58:03,"037","XP_delex","is.it.decla","decla","delex","19","A","NO","9","I","M",NA,NA,0.913425238899418,0.971819442134632,0.0583942032352142,0.942622340517025,106.485126597159,107.784123106944,108.111171791221,107.824326360085,1.08738453741502,1.29773154297359,1.3501863460558,1.30389578674971,1.14713661549124,1.29342523889942,0.146288623408178,1.22028092719533,105.383596842342,"109.11540297648055",109.216717614389,108.866920146567,0.907796752976775,"1.510257241489485",1.52631875881914,1.46988691886765,1.0425937864822,1.10554582316794,0.165991132117943,0.176132412763341
"27","WE2_A072_487s724",1,"ewf","Oui","2515","test1","34","34"," ","s&igrave;s","Oui","Oui","casque","9561",299,"TD","116","<div style=width: 40em;><audio autoplay controls preload=auto><source src=https://github.com/ltinsitu/EXPs_perception_contours_finaux/blob/master/Expe_perception_verif_methodo_3/Audio_files/XP_delex/040-XP_delex-is.it.question-decla-delex-20-A-NO-6-I-M-WE2_A072_487s724.mp3?raw=truetype=audio/mpeg></source></audio><br><br><br><!--040-XP_delex-is.it.question-decla-delex-20-A-NO-6-I-M-WE2_A072_487s724--><br>Est-ce que cette phrase vous donne limpression dêtre <br><strong>une question ?</strong></div>","Non",679,"1593079083_b13677cfd339e4c8a8d6089670a8db22","040-XP_delex-is.it.question-decla-delex-20-A-NO-6-I-M-WE2_A072_487s724",2020-06-25 11:58:03,"040","XP_delex","is.it.question","decla","delex","20","A","NO","6","I","M",NA,NA,0.607322936408642,0.637322936408642,0.0300000000000002,0.622322936408642,105.767986886279,110.487227836568,108.611099074157,108.526861355574,0.966965931076556,1.72604711796936,1.42826279073018,1.41421458877841,0.794631672086008,0.887322936408642,0.0926912643226334,0.840977304247325,124.32787761342,"--undefined--",92.2899645822054,102.090557409535,3.76949085263797,"--undefined--",-1.38905176956259,0.18273408983662,-6.43630394603912,-16.3211344919513,-1.23148049894179,-2.81731456029276
"28","WE2_F003_3392",1,"ewf","Oui","2515","test1","34","34"," ","s&igrave;s","Oui","Oui","casque","9561",315,"TD","124","<div style=width: 40em;><audio autoplay controls preload=auto><source src=https://github.com/ltinsitu/EXPs_perception_contours_finaux/blob/master/Expe_perception_verif_methodo_3/Audio_files/XP_delex/056-XP_delex-is.it.question-yn-delex-28-A-NO-7-D-F-WE2_F003_3392.mp3?raw=truetype=audio/mpeg></source></audio><br><br><br><!--056-XP_delex-is.it.question-yn-delex-28-A-NO-7-D-F-WE2_F003_3392--><br>Est-ce que cette phrase vous donne limpression dêtre <br><strong>une question ?</strong></div>","Non",661,"1593079083_b13677cfd339e4c8a8d6089670a8db22","056-XP_delex-is.it.question-yn-delex-28-A-NO-7-D-F-WE2_F003_3392",2020-06-25 11:58:03,"056","XP_delex","is.it.question","yn","delex","28","A","NO","7","D","F","genuine","NO",0.560598807859489,0.631334636755954,0.0707358288964648,0.595966722307722,140.187850106576,144.673800196765,138.157649539698,139.483721608339,5.84751484728184,6.39264498894169,5.59576255931217,5.75905201538314,0.689400640803171,0.849400640803171,0.16,0.769400640803171,162.981734915484,"265.4641049705151",238.499552768927,225.021262654387,8.45613742678647,"16.90220158288442",15.0369308043084,13.7532948957977,85.5375410460477,100.341903229229,7.99424288041455,9.44116824499624
"29","WE2_F003_7082",1,"ewf","Oui","2515","test1","34","34"," ","s&igrave;s","Oui","Oui","casque","9561",316,"TD","125","<div style=width: 40em;><audio autoplay controls preload=auto><source src=https://github.com/ltinsitu/EXPs_perception_contours_finaux/blob/master/Expe_perception_verif_methodo_3/Audio_files/XP_delex/057-XP_delex-is.it.decla-yn-delex-29-A-NO-8-D-F-WE2_F003_7082.mp3?raw=truetype=audio/mpeg></source></audio><br><br><br><!--057-XP_delex-is.it.decla-yn-delex-29-A-NO-8-D-F-WE2_F003_7082--><br>Est-ce que cette phrase vous donne limpression dêtre <br><strong>une phrase affirmative ?</strong></div>","Oui",910,"1593079083_b13677cfd339e4c8a8d6089670a8db22","057-XP_delex-is.it.decla-yn-delex-29-A-NO-8-D-F-WE2_F003_7082",2020-06-25 11:58:03,"057","XP_delex","is.it.decla","yn","delex","29","A","NO","8","D","F","genuine","NO",0.65,0.71796071756078,0.0679607175607801,0.68398035878039,200.380956079036,202.232503197406,208.047129824155,206.063513279816,12.0329448403696,12.1915833027393,12.6824339420593,12.5144250151305,0.85,1.09835867971055,0.248358679710547,0.974179339855274,229.646811868915,"421.68400986580406",359.264299603529,344.159453935152,14.3930010613433,"24.91394779296819",22.1216860286841,20.9510724015412,138.095940655335,151.217169779374,8.43664738641069,9.43925208662482
"30","WE2_J001_5188",1,"ewf","Oui","2515","test1","34","34"," ","s&igrave;s","Oui","Oui","casque","9561",319,"TD","126","<div style=width: 40em;><audio autoplay controls preload=auto><source src=https://github.com/ltinsitu/EXPs_perception_contours_finaux/blob/master/Expe_perception_verif_methodo_3/Audio_files/XP_delex/060-XP_delex-is.it.question-yn-delex-30-A-NO-5-Q-F-WE2_J001_5188.mp3?raw=truetype=audio/mpeg></source></audio><br><br><br><!--060-XP_delex-is.it.question-yn-delex-30-A-NO-5-Q-F-WE2_J001_5188--><br>Est-ce que cette phrase vous donne limpression dêtre <br><strong>une question ?</strong></div>","Oui",80506,"1593079083_b13677cfd339e4c8a8d6089670a8db22","060-XP_delex-is.it.question-yn-delex-30-A-NO-5-Q-F-WE2_J001_5188",2020-06-25 11:58:03,"060","XP_delex","is.it.question","yn","delex","30","A","NO","5","Q","F","genuine","NO",0.487799942325191,0.574168695180155,0.0863687528549636,0.530984318752673,178.824189707043,192.833759886143,186.646997874192,185.28056438591,10.0613930268378,11.3654354869834,10.8035035406552,10.6730583496865,0.69,0.86,0.17,0.775,223.049847859024,"237.5574458498197",245.519820394257,240.335434415786,13.8883939686973,"14.978770242526231",15.548764525108,15.1730588698742,55.0548700298758,58.8728225200649,4.50000052018774,4.74526098445273
"31","WE2_J002_1647",1,"ewf","Oui","2515","test1","34","34"," ","s&igrave;s","Oui","Oui","casque","9561",320,"TD","127","<div style=width: 40em;><audio autoplay controls preload=auto><source src=https://github.com/ltinsitu/EXPs_perception_contours_finaux/blob/master/Expe_perception_verif_methodo_3/Audio_files/XP_delex/061-XP_delex-is.it.decla-yn-delex-31-A-NO-11-Q-F-WE2_J002_1647.mp3?raw=truetype=audio/mpeg></source></audio><br><br><br><!--061-XP_delex-is.it.decla-yn-delex-31-A-NO-11-Q-F-WE2_J002_1647--><br>Est-ce que cette phrase vous donne limpression dêtre <br><strong>une phrase affirmative ?</strong></div>","Oui",733,"1593079083_b13677cfd339e4c8a8d6089670a8db22","061-XP_delex-is.it.decla-yn-delex-31-A-NO-11-Q-F-WE2_J002_1647",2020-06-25 11:58:03,"061","XP_delex","is.it.decla","yn","delex","31","A","NO","11","Q","F","genuine","NO",1.02,1.08,0.0600000000000001,1.05,182.525389317578,176.256686773157,182.545683497727,182.019909255667,10.412553035407,9.81091131755821,10.4190906599458,10.3655805018698,1.15,1.23956271853477,0.0895627185347661,1.19478135926738,195.156680470991,"234.16022286708696",228.134684600241,220.403753756102,11.5755941877518,"14.729801497882761",14.271286516405,13.6536714727459,38.3838445004341,45.5890011025136,3.28809097087612,3.85219585645919
"32","WE2_J003_162",1,"ewf","Oui","2515","test1","34","34"," ","s&igrave;s","Oui","Oui","casque","9561",323,"TD","128","<div style=width: 40em;><audio autoplay controls preload=auto><source src=https://github.com/ltinsitu/EXPs_perception_contours_finaux/blob/master/Expe_perception_verif_methodo_3/Audio_files/XP_delex/064-XP_delex-is.it.question-yn-delex-32-A-NO-5-K-F-WE2_J003_162.mp3?raw=truetype=audio/mpeg></source></audio><br><br><br><!--064-XP_delex-is.it.question-yn-delex-32-A-NO-5-K-F-WE2_J003_162--><br>Est-ce que cette phrase vous donne limpression dêtre <br><strong>une question ?</strong></div>","Oui",611,"1593079083_b13677cfd339e4c8a8d6089670a8db22","064-XP_delex-is.it.question-yn-delex-32-A-NO-5-K-F-WE2_J003_162",2020-06-25 11:58:03,"064","XP_delex","is.it.question","yn","delex","32","A","NO","5","K","F","genuine","NO",0.60456608590663,0.734051308332226,0.129485222425596,0.669308697119428,210.709289380848,215.581729054098,213.145509217473,213.145509217473,12.9030251481542,13.2988019300659,13.1020603030438,13.1016694752049,0.802559283826556,0.922838314669204,0.120279030842649,0.86269879924788,235.502594179567,"--undefined--",271.245393117246,266.38501882253,14.8237171100591,"--undefined--",17.2712989463549,16.9306492292544,53.2395096050569,58.0998838997724,3.82897975404951,4.16923864331112
"33","WE2_J003_2511",1,"ewf","Oui","2515","test1","34","34"," ","s&igrave;s","Oui","Oui","casque","9561",324,"TD","129","<div style=width: 40em;><audio autoplay controls preload=auto><source src=https://github.com/ltinsitu/EXPs_perception_contours_finaux/blob/master/Expe_perception_verif_methodo_3/Audio_files/XP_delex/065-XP_delex-is.it.decla-yn-delex-33-A-NO-4-K-F-WE2_J003_2511.mp3?raw=truetype=audio/mpeg></source></audio><br><br><br><!--065-XP_delex-is.it.decla-yn-delex-33-A-NO-4-K-F-WE2_J003_2511--><br>Est-ce que cette phrase vous donne limpression dêtre <br><strong>une phrase affirmative ?</strong></div>","Oui",430,"1593079083_b13677cfd339e4c8a8d6089670a8db22","065-XP_delex-is.it.decla-yn-delex-33-A-NO-4-K-F-WE2_J003_2511",2020-06-25 11:58:03,"065","XP_delex","is.it.decla","yn","delex","33","A","NO","4","K","F","genuine","NO",0.3,0.37,0.07,0.335,236.847833274967,228.330762264569,225.876856105764,228.018516403398,14.9274017046531,14.2935029074863,14.1043458823722,14.2634353206261,0.5,0.621508721615475,0.121508721615475,0.560754360807737,276.601876186752,"364.92667371004416",303.150995003791,310.058852184403,17.6056702678375,"22.41124998844247",19.1783474192052,19.4650325834181,82.0403357810053,77.2741388980271,5.20159726279203,5.07400153683295
"34","WE2_J003_3026",1,"ewf","Oui","2515","test1","34","34"," ","s&igrave;s","Oui","Oui","casque","9561",327,"TD","130","<div style=width: 40em;><audio autoplay controls preload=auto><source src=https://github.com/ltinsitu/EXPs_perception_contours_finaux/blob/master/Expe_perception_verif_methodo_3/Audio_files/XP_delex/068-XP_delex-is.it.question-yn-delex-34-A-NO-5-K-F-WE2_J003_3026.mp3?raw=truetype=audio/mpeg></source></audio><br><br><br><!--068-XP_delex-is.it.question-yn-delex-34-A-NO-5-K-F-WE2_J003_3026--><br>Est-ce que cette phrase vous donne limpression dêtre <br><strong>une question ?</strong></div>","Oui",346,"1593079083_b13677cfd339e4c8a8d6089670a8db22","068-XP_delex-is.it.question-yn-delex-34-A-NO-5-K-F-WE2_J003_3026",2020-06-25 11:58:03,"068","XP_delex","is.it.question","yn","delex","34","A","NO","5","K","F","genuine","NO",0.5,0.5907195018005,0.0907195018005003,0.54535975090025,237.378998617439,236.70239981045,236.541227550213,236.671168654721,14.966305349905,14.9168561760685,14.9050917760031,14.9145586490729,0.74,0.853691290220817,0.113691290220817,0.796845645110408,303.760957693211,"--undefined--",403.070002300517,384.452268620815,19.2109729376625,"--undefined--",24.1278116938937,23.2169122882142,147.781099966094,166.528774750304,8.30235363914128,9.22271991789051
"35","WE2_J006_5495",1,"ewf","Oui","2515","test1","34","34"," ","s&igrave;s","Oui","Oui","casque","9561",328,"TD","131","<div style=width: 40em;><audio autoplay controls preload=auto><source src=https://github.com/ltinsitu/EXPs_perception_contours_finaux/blob/master/Expe_perception_verif_methodo_3/Audio_files/XP_delex/069-XP_delex-is.it.decla-yn-delex-35-A-NO-4-P-F-WE2_J006_5495.mp3?raw=truetype=audio/mpeg></source></audio><br><br><br><!--069-XP_delex-is.it.decla-yn-delex-35-A-NO-4-P-F-WE2_J006_5495--><br>Est-ce que cette phrase vous donne limpression dêtre <br><strong>une phrase affirmative ?</strong></div>","Non",370723,"1593079083_b13677cfd339e4c8a8d6089670a8db22","069-XP_delex-is.it.decla-yn-delex-35-A-NO-4-P-F-WE2_J006_5495",2020-06-25 11:58:03,"069","XP_delex","is.it.decla","yn","delex","35","A","NO","4","P","F","genuine","NO",0.26,0.34,0.08,0.3,256.137298887387,238.612889811336,250.236123789784,249.878495109731,16.2819617302344,15.0547799300557,15.878313525752,15.8485666091755,0.431074320441313,0.536657781426523,0.10558346098521,0.483866050933918,275.914130952251,"386.6768364588924",370.14334689032,354.270253634688,17.5619156258596,"23.413318798643548",22.650213514406,21.8051279814062,104.391758524957,119.907223100537,5.95656137223071,6.77189998865401
"36","WE2_J006_5781",1,"ewf","Oui","2515","test1","34","34"," ","s&igrave;s","Oui","Oui","casque","9561",331,"TD","132","<div style=width: 40em;><audio autoplay controls preload=auto><source src=https://github.com/ltinsitu/EXPs_perception_contours_finaux/blob/master/Expe_perception_verif_methodo_3/Audio_files/XP_delex/072-XP_delex-is.it.question-yn-delex-36-A-NO-5-P-F-WE2_J006_5781.mp3?raw=truetype=audio/mpeg></source></audio><br><br><br><!--072-XP_delex-is.it.question-yn-delex-36-A-NO-5-P-F-WE2_J006_5781--><br>Est-ce que cette phrase vous donne limpression dêtre <br><strong>une question ?</strong></div>","Oui",241,"1593079083_b13677cfd339e4c8a8d6089670a8db22","072-XP_delex-is.it.question-yn-delex-36-A-NO-5-P-F-WE2_J006_5781",2020-06-25 11:58:03,"072","XP_delex","is.it.question","yn","delex","36","A","NO","5","P","F","genuine","NO",0.467094332170536,0.55,0.082905667829464,0.508547166085268,270.630842186162,256.642626606833,254.674836376736,256.972887173189,17.2359068728383,16.3171297467775,16.1832637662771,16.3303603359504,0.59,0.64837880826625,0.05837880826625,0.619189404133125,287.102475734311,"332.5170074269094",311.657505347016,311.02447982927,18.2587892544915,"20.799916847653503",19.6750261564356,19.6255628109878,54.0515926560815,56.9826689702802,3.29520247503734,3.49176239015849
"37","WE2_J007_3498",1,"ewf","Oui","2515","test1","34","34"," ","s&igrave;s","Oui","Oui","casque","9561",332,"TD","133","<div style=width: 40em;><audio autoplay controls preload=auto><source src=https://github.com/ltinsitu/EXPs_perception_contours_finaux/blob/master/Expe_perception_verif_methodo_3/Audio_files/XP_delex/073-XP_delex-is.it.decla-yn-delex-37-A-NO-5-R-F-WE2_J007_3498.mp3?raw=truetype=audio/mpeg></source></audio><br><br><br><!--073-XP_delex-is.it.decla-yn-delex-37-A-NO-5-R-F-WE2_J007_3498--><br>Est-ce que cette phrase vous donne limpression dêtre <br><strong>une phrase affirmative ?</strong></div>","Oui",284,"1593079083_b13677cfd339e4c8a8d6089670a8db22","073-XP_delex-is.it.decla-yn-delex-37-A-NO-5-R-F-WE2_J007_3498",2020-06-25 11:58:03,"073","XP_delex","is.it.decla","yn","delex","37","A","NO","5","R","F","rhetoric","NO",0.311537640250986,0.389904982646477,0.0783673423954916,0.350721311448731,255.515931102858,273.534307547224,270.804736602976,269.32533779057,16.2389095497195,17.4206604360883,17.2470277371609,17.1486139491172,0.434731585035276,0.569904982646477,0.135173397611202,0.502318283840877,318.640491203107,"473.8490058489813",412.463691538056,409.052159856837,20.0603549490712,"26.933128931779013",24.5101229834286,24.2054514808598,139.726822066267,141.658954935079,7.05683753174262,7.2630952462678
"38","WE2_J007_6466",1,"ewf","Oui","2515","test1","34","34"," ","s&igrave;s","Oui","Oui","casque","9561",335,"TD","134","<div style=width: 40em;><audio autoplay controls preload=auto><source src=https://github.com/ltinsitu/EXPs_perception_contours_finaux/blob/master/Expe_perception_verif_methodo_3/Audio_files/XP_delex/076-XP_delex-is.it.question-yn-delex-38-A-NO-7-P-F-WE2_J007_6466.mp3?raw=truetype=audio/mpeg></source></audio><br><br><br><!--076-XP_delex-is.it.question-yn-delex-38-A-NO-7-P-F-WE2_J007_6466--><br>Est-ce que cette phrase vous donne limpression dêtre <br><strong>une question ?</strong></div>","Oui",4095,"1593079083_b13677cfd339e4c8a8d6089670a8db22","076-XP_delex-is.it.question-yn-delex-38-A-NO-7-P-F-WE2_J007_6466",2020-06-25 11:58:03,"076","XP_delex","is.it.question","yn","delex","38","A","NO","7","P","F","genuine","NO",0.62,0.658070049557462,0.038070049557462,0.639035024778731,304.901476266395,318.050952539012,308.658865331361,309.335123532943,19.3000949182068,20.0273824516178,19.5109860123355,19.547785391465,0.658070049557462,0.763606201092396,0.105536151534934,0.710838125324929,318.050952539012,"352.93686097192244",353.565730218164,347.811063930256,20.0273824516178,"21.83194739818334",21.8632490186246,21.5630035840206,38.4759403973122,44.9068648868028,2.01521819255558,2.35226300628907
"39","WE2_J007_8973",1,"ewf","Oui","2515","test1","34","34"," ","s&igrave;s","Oui","Oui","casque","9561",336,"TD","135","<div style=width: 40em;><audio autoplay controls preload=auto><source src=https://github.com/ltinsitu/EXPs_perception_contours_finaux/blob/master/Expe_perception_verif_methodo_3/Audio_files/XP_delex/077-XP_delex-is.it.decla-yn-delex-39-A-NO-5-P-F-WE2_J007_8973.mp3?raw=truetype=audio/mpeg></source></audio><br><br><br><!--077-XP_delex-is.it.decla-yn-delex-39-A-NO-5-P-F-WE2_J007_8973--><br>Est-ce que cette phrase vous donne limpression dêtre <br><strong>une phrase affirmative ?</strong></div>","Oui",326,"1593079083_b13677cfd339e4c8a8d6089670a8db22","077-XP_delex-is.it.decla-yn-delex-39-A-NO-5-P-F-WE2_J007_8973",2020-06-25 11:58:03,"077","XP_delex","is.it.decla","yn","delex","39","A","NO","5","P","F","genuine","NO",0.605981631030919,0.676764860542542,0.0707832295116225,0.64137324578673,287.855434460771,243.495922111143,253.488234326858,257.907251201109,18.3039229954423,15.4060120147269,16.0993616426997,16.3704816936872,0.711665639731082,0.871470905615297,0.159805265884215,0.791568272673189,254.543829524043,"290.4719004014889",294.33746515705,287.159520246285,16.1744416535399,"18.45497939597575",18.6880878510765,18.2251928935659,29.2522690451763,40.849230830192,1.85471119987866,2.58872620837684
"40","WE2_J009_4880",1,"ewf","Oui","2515","test1","34","34"," ","s&igrave;s","Oui","Oui","casque","9561",339,"TD","136","<div style=width: 40em;><audio autoplay controls preload=auto><source src=https://github.com/ltinsitu/EXPs_perception_contours_finaux/blob/master/Expe_perception_verif_methodo_3/Audio_files/XP_delex/080-XP_delex-is.it.question-yn-delex-40-A-NO-5-K-F-WE2_J009_4880.mp3?raw=truetype=audio/mpeg></source></audio><br><br><br><!--080-XP_delex-is.it.question-yn-delex-40-A-NO-5-K-F-WE2_J009_4880--><br>Est-ce que cette phrase vous donne limpression dêtre <br><strong>une question ?</strong></div>","Oui",408,"1593079083_b13677cfd339e4c8a8d6089670a8db22","080-XP_delex-is.it.question-yn-delex-40-A-NO-5-K-F-WE2_J009_4880",2020-06-25 11:58:03,"080","XP_delex","is.it.question","yn","delex","40","A","NO","5","K","F","genuine","NO",0.51,0.61,0.1,0.56,254.446608973485,255.103855414183,258.764904384442,257.966969946321,16.1683555746305,16.2130164326735,16.4596071113826,16.4055143054846,0.76,0.9,0.14,0.83,286.526758149075,"334.09414671784776",303.801216070729,311.022765646361,18.2233963754412,"20.883056484977082",19.2375317369226,19.6157507612081,53.0557957000401,45.0363116862869,3.21023645572348,2.77792462553996
